Student_ID,Gender,Course,Attendance_Percentage,Internal_Marks,Assignment_Submissions,Platform_Hours_Per_Week,Resource_Access_Count,Engagement_Trend,Previous_GPA,Overall_Score,Performance_Status,Pass_Fail,At_Risk_Flag,Support_Intervention
STU-1001,Male,Software Engineering,79.9,79,9,16.5,155,Stable,1.95,67.9,Satisfactory,Pass,Normal,Academic Peer Mentoring
STU-1002,Male,Computer Science,81.3,84,9,16.9,164,Improving,2.02,70.7,Good,Pass,Normal,Regular Advising / Honors Track
STU-1003,Female,Data Science,82.1,86,9,17,167,Improving,2.07,71.9,Good,Pass,Normal,Regular Advising / Honors Track
STU-1004,Female,Artificial Intelligence,82.5,87,8,16.7,167,Improving,2.09,70.8,Good,Pass,Normal,Regular Advising / Honors Track
STU-1005,Female,Information Systems,82.5,85,8,16.2,164,Improving,2.08,69.8,Satisfactory,Pass,Normal,Academic Peer Mentoring
STU-1006,Male,Software Engineering,82.2,82,7,15.6,160,Improving,2.04,66.5,Satisfactory,Pass,Normal,Academic Peer Mentoring
STU-1007,Male,Computer Science,81.7,78,6,15.2,155,Improving,1.98,62.8,Satisfactory,Pass,Normal,Academic Peer Mentoring
STU-1008,Male,Data Science,81.2,73,5,14.9,150,Improving,1.91,58.6,Satisfactory,Pass,At-Risk,Academic Peer Mentoring
STU-1009,Female,Artificial Intelligence,80.6,69,5,14.9,147,Improving,1.85,56.6,Underperforming,Fail,At-Risk,Academic Peer Mentoring
STU-1010,Female,Information Systems,80.1,66,4,15.3,145,Improving,1.85,53.8,Underperforming,Fail,At-Risk,Academic Peer Mentoring
STU-1011,Female,Software Engineering,79.9,65,4,15.8,145,Stable,1.85,53.5,Underperforming,Fail,At-Risk,Academic Peer Mentoring
STU-1012,Male,Computer Science,79.9,66,4,16.6,147,Stable,1.85,54.2,Underperforming,Fail,At-Risk,Academic Peer Mentoring
STU-1013,Male,Data Science,80.2,68,5,17.4,149,Improving,1.85,57,Underperforming,Fail,At-Risk,Academic Peer Mentoring
STU-1014,Male,Artificial Intelligence,80.9,72,5,18.1,152,Improving,1.85,58.9,Satisfactory,Pass,At-Risk,Academic Peer Mentoring
STU-1015,Female,Information Systems,81.9,77,6,18.6,154,Improving,1.85,62.9,Satisfactory,Pass,Normal,Academic Peer Mentoring
STU-1016,Female,Software Engineering,83.2,81,7,18.7,154,Improving,1.85,66.4,Satisfactory,Pass,Normal,Academic Peer Mentoring
STU-1017,Female,Computer Science,84.8,85,8,18.3,151,Improving,1.87,69.9,Satisfactory,Pass,Normal,Academic Peer Mentoring
STU-1018,Male,Data Science,86.6,88,9,17.4,145,Improving,1.95,73.2,Good,Pass,Normal,Regular Advising / Honors Track
STU-1019,Male,Artificial Intelligence,88.4,89,9,16,136,Improving,2.02,73.8,Good,Pass,Normal,Regular Advising / Honors Track
STU-1020,Male,Information Systems,90.3,88,9,14.1,124,Improving,2.07,73.4,Good,Pass,Normal,Regular Advising / Honors Track
STU-1021,Female,Software Engineering,92,86,9,11.8,110,Improving,2.09,72.2,Good,Pass,Normal,Regular Advising / Honors Track
STU-1022,Female,Computer Science,93.4,83,9,9.3,94,Improving,2.08,70.4,Good,Pass,Normal,Regular Advising / Honors Track
STU-1023,Female,Data Science,94.5,80,9,6.9,78,Improving,2.05,68.4,Satisfactory,Pass,Normal,Academic Peer Mentoring
STU-1024,Male,Artificial Intelligence,95.2,77,8,4.6,64,Improving,1.99,64.6,Satisfactory,Pass,Normal,Academic Peer Mentoring
STU-1025,Male,Information Systems,95.3,75,8,2.7,51,Improving,1.91,62.7,Satisfactory,Pass,Normal,Academic Peer Mentoring
STU-1026,Male,Software Engineering,94.8,74,7,2,42,Improving,1.85,60.1,Satisfactory,Pass,Normal,Academic Peer Mentoring
STU-1027,Female,Computer Science,93.6,74,7,2,37,Improving,1.85,59.8,Satisfactory,Pass,At-Risk,Academic Peer Mentoring
STU-1028,Female,Data Science,91.9,76,6,2,35,Improving,1.85,58.7,Satisfactory,Pass,At-Risk,Academic Peer Mentoring
STU-1029,Female,Artificial Intelligence,89.4,78,6,2,38,Improving,1.85,59,Satisfactory,Pass,At-Risk,Academic Peer Mentoring
STU-1030,Male,Information Systems,86.4,80,6,2.1,44,Improving,1.85,59.2,Satisfactory,Pass,At-Risk,Academic Peer Mentoring
STU-1031,Male,Software Engineering,82.9,82,6,3.6,53,Improving,1.85,59.9,Satisfactory,Pass,At-Risk,Academic Peer Mentoring
STU-1032,Male,Computer Science,78.9,82,5,5.4,63,Stable,1.85,58.1,Satisfactory,Pass,At-Risk,Academic Peer Mentoring
STU-1033,Female,Data Science,74.7,81,5,7.3,73,Stable,1.85,57.5,Underperforming,Fail,At-Risk,Academic Peer Mentoring
STU-1034,Female,Artificial Intelligence,70.3,78,5,9,83,Stable,1.88,56.2,Underperforming,Fail,At-Risk,Academic Peer Mentoring
STU-1035,Non-Binary,Information Systems,65.9,74,5,10.6,92,Stable,1.96,54.7,Underperforming,Fail,At-Risk,Academic Peer Mentoring
STU-1036,Male,Software Engineering,61.5,69,5,11.8,99,Stable,2.03,52.6,Underperforming,Fail,At-Risk,Academic Peer Mentoring
STU-1037,Male,Computer Science,57.4,63,5,12.5,103,Declining,2.07,49.8,Underperforming,Fail,At-Risk,Intensive Academic Recovery
STU-1038,Female,Data Science,53.7,58,5,13,106,Declining,2.09,47.4,Underperforming,Fail,At-Risk,Intensive Academic Recovery
STU-1039,Female,Artificial Intelligence,50.4,53,5,13,108,Declining,2.09,44.7,Underperforming,Fail,At-Risk,Intensive Academic Recovery
STU-1040,Female,Information Systems,47.6,51,5,12.9,109,Declining,2.05,43.1,Underperforming,Fail,At-Risk,Intensive Academic Recovery
STU-1041,Non-Binary,Software Engineering,45.5,50,6,12.7,110,Declining,1.99,43.5,Underperforming,Fail,At-Risk,Intensive Academic Recovery
STU-1042,Male,Computer Science,44,50,6,12.5,113,Declining,1.91,42.7,Underperforming,Fail,At-Risk,Intensive Academic Recovery
STU-1043,Male,Data Science,43.1,53,6,12.6,117,Declining,1.85,43.5,Underperforming,Fail,At-Risk,Intensive Academic Recovery
STU-1044,Female,Artificial Intelligence,42.8,56,7,12.8,124,Declining,1.85,46.3,Underperforming,Fail,At-Risk,Intensive Academic Recovery
STU-1045,Female,Information Systems,43.1,59,7,13.5,134,Declining,1.85,47.8,Underperforming,Fail,At-Risk,Intensive Academic Recovery
STU-1046,Female,Software Engineering,43.8,62,7,14.4,145,Declining,1.85,49.4,Underperforming,Fail,At-Risk,Intensive Academic Recovery
STU-1047,Male,Computer Science,44.9,64,7,15.6,158,Declining,1.85,50.9,Underperforming,Fail,At-Risk,Intensive Academic Recovery
STU-1048,Male,Data Science,46.3,65,6,17,171,Declining,1.85,50.4,Underperforming,Fail,At-Risk,Intensive Academic Recovery
STU-1049,Male,Artificial Intelligence,47.8,65,6,18.5,184,Declining,1.85,51.3,Underperforming,Fail,At-Risk,Intensive Academic Recovery
STU-1050,Female,Information Systems,49.4,63,5,19.8,193,Declining,1.85,49.6,Underperforming,Fail,At-Risk,Intensive Academic Recovery
STU-1051,Female,Software Engineering,50.9,61,4,20.8,199,Declining,1.88,48,Underperforming,Fail,At-Risk,Intensive Academic Recovery
STU-1052,Female,Computer Science,52.2,58,4,21.4,201,Declining,1.96,47.7,Underperforming,Fail,At-Risk,Intensive Academic Recovery
STU-1053,Male,Data Science,53.3,56,3,21.4,197,Declining,2.03,45.9,Underperforming,Fail,At-Risk,Intensive Academic Recovery
STU-1054,Male,Artificial Intelligence,54.2,55,3,20.8,187,Declining,2.08,45.7,Underperforming,Fail,At-Risk,Intensive Academic Recovery
STU-1055,Male,Information Systems,54.6,54,3,19.6,173,Declining,2.1,45.1,Underperforming,Fail,At-Risk,Intensive Academic Recovery
STU-1056,Female,Software Engineering,54.8,56,3,17.8,154,Declining,2.09,45.3,Underperforming,Fail,At-Risk,Intensive Academic Recovery
STU-1057,Female,Computer Science,54.6,58,4,15.6,132,Declining,2.05,46.6,Underperforming,Fail,At-Risk,Intensive Academic Recovery
STU-1058,Female,Data Science,54.2,61,5,13.1,109,Declining,1.99,48.2,Underperforming,Fail,At-Risk,Intensive Academic Recovery
STU-1059,Male,Artificial Intelligence,53.5,64,5,10.5,86,Declining,1.92,48,Underperforming,Fail,At-Risk,Intensive Academic Recovery
STU-1060,Male,Information Systems,52.8,66,6,8,66,Declining,1.85,49,Underperforming,Fail,At-Risk,Intensive Academic Recovery
STU-1061,Male,Software Engineering,52,68,7,5.8,49,Declining,1.85,50.5,Underperforming,Fail,At-Risk,Intensive Academic Recovery
STU-1062,Female,Computer Science,51.3,68,7,4.1,37,Declining,1.85,49.7,Underperforming,Fail,At-Risk,Intensive Academic Recovery
STU-1063,Female,Data Science,50.7,67,7,2.9,31,Declining,1.85,48.8,Underperforming,Fail,At-Risk,Intensive Academic Recovery
STU-1064,Female,Artificial Intelligence,50.5,65,7,2.4,31,Declining,1.85,47.8,Underperforming,Fail,At-Risk,Intensive Academic Recovery
STU-1065,Male,Information Systems,50.7,62,7,2.4,36,Declining,1.85,46.6,Underperforming,Fail,At-Risk,Intensive Academic Recovery
STU-1066,Male,Software Engineering,51.3,59,7,2.9,45,Declining,1.85,45.7,Underperforming,Fail,At-Risk,Intensive Academic Recovery
STU-1067,Male,Computer Science,52.4,56,6,3.8,56,Declining,1.85,43.4,Underperforming,Fail,At-Risk,Intensive Academic Recovery
STU-1068,Female,Data Science,54.1,54,6,5,69,Declining,1.89,43.6,Underperforming,Fail,At-Risk,Intensive Academic Recovery
STU-1069,Female,Artificial Intelligence,56.4,55,6,6.2,82,Declining,1.97,45.3,Underperforming,Fail,At-Risk,Intensive Academic Recovery
STU-1070,Female,Information Systems,59.2,57,5,7.4,92,Declining,2.04,45.8,Underperforming,Fail,At-Risk,Mandatory Attendance Counseling
STU-1071,Male,Software Engineering,62.4,60,5,8.3,100,Stable,2.09,48.3,Underperforming,Fail,At-Risk,Academic Peer Mentoring
STU-1072,Male,Computer Science,66.1,65,5,9,104,Stable,2.11,51.3,Underperforming,Fail,At-Risk,Academic Peer Mentoring
STU-1073,Male,Data Science,70.1,71,5,9.3,104,Stable,2.1,54.6,Underperforming,Fail,At-Risk,Academic Peer Mentoring
STU-1074,Female,Artificial Intelligence,74.3,77,5,9.4,101,Stable,2.06,57.7,Underperforming,Fail,At-Risk,Academic Peer Mentoring
STU-1075,Female,Information Systems,78.5,82,5,9.2,95,Stable,2,60.1,Satisfactory,Pass,Normal,Academic Peer Mentoring
STU-1076,Female,Software Engineering,82.7,85,6,8.9,89,Improving,1.92,63.2,Satisfactory,Pass,Normal,Academic Peer Mentoring
STU-1077,Male,Computer Science,86.6,87,6,8.7,82,Improving,1.85,64.4,Satisfactory,Pass,Normal,Academic Peer Mentoring
STU-1078,Male,Data Science,90.3,88,6,8.6,77,Improving,1.85,65.5,Satisfactory,Pass,Normal,Academic Peer Mentoring
STU-1079,Male,Artificial Intelligence,93.4,86,6,8.8,75,Improving,1.85,65.4,Satisfactory,Pass,Normal,Academic Peer Mentoring
STU-1080,Female,Information Systems,96.1,84,7,9.4,78,Improving,1.85,66.9,Satisfactory,Pass,Normal,Academic Peer Mentoring
STU-1081,Female,Software Engineering,98,81,7,10.4,85,Improving,1.85,66.5,Satisfactory,Pass,Normal,Academic Peer Mentoring
STU-1082,Non-Binary,Computer Science,99,78,7,11.8,97,Improving,1.85,66,Satisfactory,Pass,Normal,Academic Peer Mentoring
STU-1083,Male,Data Science,99,77,8,13.6,113,Improving,1.85,67.8,Satisfactory,Pass,Normal,Academic Peer Mentoring
STU-1084,Male,Artificial Intelligence,99,76,8,15.5,132,Improving,1.85,68,Satisfactory,Pass,Normal,Academic Peer Mentoring
STU-1085,Male,Information Systems,99,77,8,17.6,153,Improving,1.9,69.4,Satisfactory,Pass,Normal,Academic Peer Mentoring
STU-1086,Female,Software Engineering,97.8,79,9,19.5,173,Improving,1.98,72.7,Good,Pass,Normal,Regular Advising / Honors Track
STU-1087,Female,Computer Science,96,82,9,21.1,191,Improving,2.05,74.4,Good,Pass,Normal,Regular Advising / Honors Track
STU-1088,Non-Binary,Data Science,93.7,85,9,22.3,205,Improving,2.09,75.8,Good,Pass,Normal,Regular Advising / Honors Track
STU-1089,Male,Artificial Intelligence,91.2,87,9,22.8,213,Improving,2.11,76.4,Good,Pass,Normal,Regular Advising / Honors Track
STU-1090,Male,Information Systems,88.5,89,9,22.7,216,Improving,2.1,76.6,Good,Pass,Normal,Regular Advising / Honors Track
STU-1091,Female,Software Engineering,85.8,88,8,22,211,Improving,2.06,73.6,Good,Pass,Normal,Regular Advising / Honors Track
STU-1092,Female,Computer Science,83.1,86,8,20.6,201,Improving,2,71.4,Good,Pass,Normal,Regular Advising / Honors Track
STU-1093,Female,Data Science,80.6,83,7,18.7,185,Improving,1.93,67.1,Satisfactory,Pass,Normal,Academic Peer Mentoring
STU-1094,Male,Artificial Intelligence,78.4,78,6,16.5,165,Stable,1.85,61.9,Satisfactory,Pass,Normal,Academic Peer Mentoring
STU-1095,Male,Information Systems,76.5,73,5,14.1,142,Stable,1.85,57.1,Underperforming,Fail,At-Risk,Academic Peer Mentoring
STU-1096,Male,Software Engineering,75,68,4,11.8,119,Stable,1.85,52.4,Underperforming,Fail,At-Risk,Academic Peer Mentoring
STU-1097,Female,Computer Science,73.9,64,4,9.6,97,Stable,1.85,49.8,Underperforming,Fail,At-Risk,Academic Peer Mentoring
STU-1098,Female,Data Science,73.1,62,4,7.8,78,Stable,1.85,48.2,Underperforming,Fail,At-Risk,Academic Peer Mentoring
STU-1099,Female,Artificial Intelligence,72.7,61,4,6.5,63,Stable,1.85,47.2,Underperforming,Fail,At-Risk,Academic Peer Mentoring
STU-1100,Male,Information Systems,72.6,63,4,5.7,52,Stable,1.85,47.7,Underperforming,Fail,At-Risk,Academic Peer Mentoring
STU-1101,Male,Software Engineering,72.6,66,5,5.4,47,Stable,1.85,50.4,Underperforming,Fail,At-Risk,Academic Peer Mentoring
STU-1102,Male,Computer Science,72.8,71,6,5.5,46,Stable,1.91,54.4,Underperforming,Fail,At-Risk,Academic Peer Mentoring
STU-1103,Female,Data Science,73,75,7,6,49,Stable,1.99,58.2,Satisfactory,Pass,At-Risk,Academic Peer Mentoring
STU-1104,Female,Artificial Intelligence,73.1,79,7,6.6,55,Stable,2.05,60.4,Satisfactory,Pass,Normal,Academic Peer Mentoring
STU-1105,Female,Information Systems,72.9,81,8,7.2,62,Stable,2.1,63.2,Satisfactory,Pass,Normal,Academic Peer Mentoring
STU-1106,Male,Software Engineering,72.5,82,9,7.7,69,Stable,2.12,65.4,Satisfactory,Pass,Normal,Academic Peer Mentoring
STU-1107,Male,Computer Science,71.8,80,9,8,75,Stable,2.11,64.5,Satisfactory,Pass,Normal,Academic Peer Mentoring
STU-1108,Male,Data Science,70.6,77,9,8,80,Stable,2.07,62.9,Satisfactory,Pass,Normal,Academic Peer Mentoring
STU-1109,Female,Artificial Intelligence,69,73,8,7.7,82,Stable,2.01,58.9,Satisfactory,Pass,At-Risk,Academic Peer Mentoring
STU-1110,Female,Information Systems,66.9,67,8,7.2,82,Stable,1.93,55.5,Underperforming,Fail,At-Risk,Academic Peer Mentoring
STU-1111,Female,Software Engineering,64.4,62,7,6.5,80,Stable,1.85,50.8,Underperforming,Fail,At-Risk,Academic Peer Mentoring
STU-1112,Male,Computer Science,61.5,57,6,5.8,77,Stable,1.85,46.4,Underperforming,Fail,At-Risk,Academic Peer Mentoring
STU-1113,Male,Data Science,58.3,54,5,5.2,74,Declining,1.85,42.7,Underperforming,Fail,At-Risk,Mandatory Attendance Counseling
STU-1114,Male,Artificial Intelligence,54.9,52,4,4.8,72,Declining,1.85,39.5,Underperforming,Fail,At-Risk,Intensive Academic Recovery
STU-1115,Female,Information Systems,51.3,53,4,4.9,71,Declining,1.85,39.2,Underperforming,Fail,At-Risk,Intensive Academic Recovery
STU-1116,Female,Software Engineering,47.8,54,4,5.5,74,Declining,1.85,39.1,Underperforming,Fail,At-Risk,Intensive Academic Recovery
STU-1117,Female,Computer Science,44.5,56,4,6.6,79,Declining,1.85,39.6,Underperforming,Fail,At-Risk,Intensive Academic Recovery
STU-1118,Male,Data Science,41.4,59,3,8.1,88,Declining,1.85,39.1,Underperforming,Fail,At-Risk,Intensive Academic Recovery
STU-1119,Male,Artificial Intelligence,38.8,61,4,10.2,100,Declining,1.92,42.1,Underperforming,Fail,At-Risk,Intensive Academic Recovery
STU-1120,Male,Information Systems,36.6,62,4,12.5,114,Declining,2,43.3,Underperforming,Fail,At-Risk,Intensive Academic Recovery
STU-1121,Female,Software Engineering,36,62,4,14.9,130,Declining,2.06,44.3,Underperforming,Fail,At-Risk,Intensive Academic Recovery
STU-1122,Female,Computer Science,36,60,4,17.3,146,Declining,2.11,44.6,Underperforming,Fail,At-Risk,Intensive Academic Recovery
STU-1123,Female,Data Science,36,57,4,19.4,161,Declining,2.13,44.3,Underperforming,Fail,At-Risk,Intensive Academic Recovery
STU-1124,Male,Artificial Intelligence,36,54,4,21.1,173,Declining,2.12,43.6,Underperforming,Fail,At-Risk,Intensive Academic Recovery
STU-1125,Male,Information Systems,36,51,5,22.2,182,Declining,2.08,44.2,Underperforming,Fail,At-Risk,Intensive Academic Recovery
STU-1126,Male,Software Engineering,37.8,48,5,22.7,188,Declining,2.02,43.2,Underperforming,Fail,At-Risk,Intensive Academic Recovery
STU-1127,Female,Computer Science,40.3,47,5,22.5,189,Declining,1.94,42.8,Underperforming,Fail,At-Risk,Intensive Academic Recovery
STU-1128,Female,Data Science,43.3,47,6,21.7,185,Declining,1.86,44.3,Underperforming,Fail,At-Risk,Intensive Academic Recovery
STU-1129,Female,Artificial Intelligence,46.6,49,6,20.4,179,Declining,1.85,45.3,Underperforming,Fail,At-Risk,Intensive Academic Recovery
STU-1130,Male,Information Systems,50.3,53,7,18.7,169,Declining,1.85,48.6,Underperforming,Fail,At-Risk,Intensive Academic Recovery
STU-1131,Male,Software Engineering,54,59,7,16.8,158,Declining,1.85,51.1,Underperforming,Fail,At-Risk,Intensive Academic Recovery
STU-1132,Male,Computer Science,57.7,64,7,14.8,146,Declining,1.85,53.1,Underperforming,Fail,At-Risk,Intensive Academic Recovery
STU-1133,Female,Data Science,61.3,70,7,13,135,Stable,1.85,55.6,Underperforming,Fail,At-Risk,Academic Peer Mentoring
STU-1134,Female,Artificial Intelligence,64.6,75,7,11.5,125,Stable,1.85,57.8,Underperforming,Fail,At-Risk,Academic Peer Mentoring
STU-1135,Non-Binary,Information Systems,67.6,78,7,10.4,117,Stable,1.85,59.2,Satisfactory,Pass,At-Risk,Academic Peer Mentoring
STU-1136,Male,Software Engineering,70.2,79,7,9.7,111,Stable,1.93,60.3,Satisfactory,Pass,Normal,Academic Peer Mentoring
STU-1137,Male,Computer Science,72.3,78,6,9.3,107,Stable,2.01,59,Satisfactory,Pass,At-Risk,Academic Peer Mentoring
STU-1138,Female,Data Science,74,76,5,9.3,104,Stable,2.08,57.3,Underperforming,Fail,At-Risk,Academic Peer Mentoring
STU-1139,Female,Artificial Intelligence,75.2,74,5,9.5,102,Stable,2.12,57,Underperforming,Fail,At-Risk,Academic Peer Mentoring
STU-1140,Female,Information Systems,75.9,70,4,9.7,100,Stable,2.14,54.1,Underperforming,Fail,At-Risk,Academic Peer Mentoring
STU-1141,Non-Binary,Software Engineering,76.2,68,4,9.9,96,Stable,2.13,53.4,Underperforming,Fail,At-Risk,Academic Peer Mentoring
STU-1142,Male,Computer Science,76.3,66,4,9.9,92,Stable,2.09,52.4,Underperforming,Fail,At-Risk,Academic Peer Mentoring
STU-1143,Male,Data Science,76.1,65,4,9.6,85,Stable,2.03,51.5,Underperforming,Fail,At-Risk,Academic Peer Mentoring
STU-1144,Female,Artificial Intelligence,75.9,66,5,9,77,Stable,1.95,52.9,Underperforming,Fail,At-Risk,Academic Peer Mentoring
STU-1145,Female,Information Systems,75.6,69,5,8,67,Stable,1.87,53.2,Underperforming,Fail,At-Risk,Academic Peer Mentoring
STU-1146,Female,Software Engineering,75.4,72,6,6.8,56,Stable,1.85,55.5,Underperforming,Fail,At-Risk,Academic Peer Mentoring
STU-1147,Male,Computer Science,75.4,75,7,5.5,46,Stable,1.85,57.8,Underperforming,Fail,At-Risk,Academic Peer Mentoring
STU-1148,Male,Data Science,75.7,78,8,4.2,36,Stable,1.85,60.2,Satisfactory,Pass,Normal,Academic Peer Mentoring
STU-1149,Male,Artificial Intelligence,76.3,81,8,3.1,30,Stable,1.85,61.2,Satisfactory,Pass,Normal,Academic Peer Mentoring
STU-1150,Female,Information Systems,77.3,82,9,2.2,27,Stable,1.85,63.1,Satisfactory,Pass,Normal,Academic Peer Mentoring
STU-1151,Female,Software Engineering,78.6,82,9,2,29,Stable,1.85,63.2,Satisfactory,Pass,Normal,Academic Peer Mentoring
STU-1152,Female,Computer Science,80.3,80,9,2.1,35,Improving,1.86,62.9,Satisfactory,Pass,Normal,Academic Peer Mentoring
STU-1153,Male,Data Science,82.3,78,9,3,47,Improving,1.94,63.2,Satisfactory,Pass,Normal,Academic Peer Mentoring
STU-1154,Male,Artificial Intelligence,84.6,76,8,4.4,62,Improving,2.02,62.2,Satisfactory,Pass,Normal,Academic Peer Mentoring
STU-1155,Male,Information Systems,87,75,8,6.4,82,Improving,2.09,63.3,Satisfactory,Pass,Normal,Academic Peer Mentoring
STU-1156,Female,Software Engineering,89.4,74,7,8.7,103,Improving,2.13,62.8,Satisfactory,Pass,Normal,Academic Peer Mentoring
STU-1157,Female,Computer Science,91.8,74,7,11.3,125,Improving,2.15,64.3,Satisfactory,Pass,Normal,Academic Peer Mentoring
STU-1158,Female,Data Science,94,76,6,13.9,145,Improving,2.14,64.8,Satisfactory,Pass,Normal,Academic Peer Mentoring
STU-1159,Male,Artificial Intelligence,95.9,79,6,16.3,163,Improving,2.1,67,Satisfactory,Pass,Normal,Academic Peer Mentoring
STU-1160,Male,Information Systems,97.4,82,6,18.3,177,Improving,2.04,68.9,Satisfactory,Pass,Normal,Academic Peer Mentoring
STU-1161,Male,Software Engineering,98.4,86,6,19.8,185,Improving,1.96,70.8,Good,Pass,Normal,Regular Advising / Honors Track
STU-1162,Female,Computer Science,98.7,90,6,20.8,189,Improving,1.88,72.4,Good,Pass,Normal,Regular Advising / Honors Track
STU-1163,Female,Data Science,98.5,92,6,21.1,187,Improving,1.85,73.1,Good,Pass,Normal,Regular Advising / Honors Track
STU-1164,Female,Artificial Intelligence,97.5,92,7,20.8,180,Improving,1.85,74.4,Good,Pass,Normal,Regular Advising / Honors Track
STU-1165,Male,Information Systems,95.8,91,7,20.1,170,Improving,1.85,73.4,Good,Pass,Normal,Regular Advising / Honors Track
STU-1166,Male,Software Engineering,93.5,88,7,19,158,Improving,1.85,71.4,Good,Pass,Normal,Regular Advising / Honors Track
STU-1167,Male,Computer Science,90.6,84,7,17.7,146,Improving,1.85,68.7,Satisfactory,Pass,Normal,Academic Peer Mentoring
STU-1168,Female,Data Science,87.2,79,7,16.4,134,Improving,1.85,65.6,Satisfactory,Pass,Normal,Academic Peer Mentoring
STU-1169,Female,Artificial Intelligence,83.4,73,7,15.1,125,Improving,1.88,62.1,Satisfactory,Pass,Normal,Academic Peer Mentoring
STU-1170,Female,Information Systems,79.2,69,7,14.2,119,Stable,1.96,59.8,Satisfactory,Pass,At-Risk,Academic Peer Mentoring
STU-1171,Male,Software Engineering,74.9,65,7,13.5,117,Stable,2.04,57.5,Underperforming,Fail,At-Risk,Academic Peer Mentoring
STU-1172,Male,Computer Science,70.6,63,7,13.1,118,Stable,2.1,56,Underperforming,Fail,At-Risk,Academic Peer Mentoring
STU-1173,Male,Data Science,66.3,62,7,13.1,122,Stable,2.15,55,Underperforming,Fail,At-Risk,Academic Peer Mentoring
STU-1174,Female,Artificial Intelligence,62.3,63,7,13.2,128,Stable,2.17,54.8,Underperforming,Fail,At-Risk,Academic Peer Mentoring
STU-1175,Female,Information Systems,58.7,65,7,13.5,134,Declining,2.15,54.8,Underperforming,Fail,At-Risk,Mandatory Attendance Counseling
STU-1176,Female,Software Engineering,55.5,66,7,13.7,139,Declining,2.11,54.5,Underperforming,Fail,At-Risk,Intensive Academic Recovery
STU-1177,Male,Computer Science,52.8,68,7,13.7,142,Declining,2.05,54.4,Underperforming,Fail,At-Risk,Intensive Academic Recovery
STU-1178,Male,Data Science,50.7,69,6,13.4,142,Declining,1.97,52.3,Underperforming,Fail,At-Risk,Intensive Academic Recovery
STU-1179,Male,Artificial Intelligence,49.1,68,6,12.8,137,Declining,1.9,51,Underperforming,Fail,At-Risk,Intensive Academic Recovery
STU-1180,Female,Information Systems,48.2,67,5,11.7,127,Declining,1.85,48.2,Underperforming,Fail,At-Risk,Intensive Academic Recovery
STU-1181,Female,Software Engineering,47.8,64,5,10.2,113,Declining,1.85,46.4,Underperforming,Fail,At-Risk,Intensive Academic Recovery
STU-1182,Non-Binary,Computer Science,47.8,60,4,8.5,95,Declining,1.85,42.6,Underperforming,Fail,At-Risk,Intensive Academic Recovery
STU-1183,Male,Data Science,48.3,57,3,6.5,75,Declining,1.85,39.2,Underperforming,Fail,At-Risk,Intensive Academic Recovery
STU-1184,Male,Artificial Intelligence,49,54,3,4.6,55,Declining,1.85,37.4,Underperforming,Fail,At-Risk,Intensive Academic Recovery
STU-1185,Male,Information Systems,50,52,3,2.9,36,Declining,1.85,36.2,Underperforming,Fail,At-Risk,Intensive Academic Recovery
STU-1186,Female,Software Engineering,51,51,3,2,20,Declining,1.89,35.9,Underperforming,Fail,At-Risk,Intensive Academic Recovery
STU-1187,Female,Computer Science,52,53,3,2,18,Declining,1.98,37.4,Underperforming,Fail,At-Risk,Intensive Academic Recovery
STU-1188,Non-Binary,Data Science,52.9,56,4,2,18,Declining,2.05,40.7,Underperforming,Fail,At-Risk,Intensive Academic Recovery
STU-1189,Male,Artificial Intelligence,53.6,59,5,2,18,Declining,2.12,44,Underperforming,Fail,At-Risk,Intensive Academic Recovery
STU-1190,Male,Information Systems,54,64,6,2,18,Declining,2.17,48,Underperforming,Fail,At-Risk,Intensive Academic Recovery
STU-1191,Female,Software Engineering,54.1,68,7,3.3,28,Declining,2.18,51.7,Underperforming,Fail,At-Risk,Intensive Academic Recovery
STU-1192,Female,Computer Science,53.8,70,7,5.3,48,Declining,2.17,53.1,Underperforming,Fail,At-Risk,Intensive Academic Recovery
STU-1193,Female,Data Science,53.3,72,8,7.7,70,Declining,2.13,56,Underperforming,Fail,At-Risk,Intensive Academic Recovery
STU-1194,Male,Artificial Intelligence,52.4,71,8,10.1,95,Declining,2.07,56,Underperforming,Fail,At-Risk,Intensive Academic Recovery
STU-1195,Male,Information Systems,51.3,68,8,12.5,118,Declining,1.99,55,Underperforming,Fail,At-Risk,Intensive Academic Recovery
STU-1196,Male,Software Engineering,50.1,65,7,14.6,140,Declining,1.91,52.3,Underperforming,Fail,At-Risk,Intensive Academic Recovery
STU-1197,Female,Computer Science,48.8,60,7,16.2,158,Declining,1.85,50.3,Underperforming,Fail,At-Risk,Intensive Academic Recovery
STU-1198,Female,Data Science,47.6,55,6,17.4,171,Declining,1.85,46.8,Underperforming,Fail,At-Risk,Intensive Academic Recovery
STU-1199,Female,Artificial Intelligence,46.5,51,5,18,179,Declining,1.85,43.6,Underperforming,Fail,At-Risk,Intensive Academic Recovery
STU-1200,Male,Information Systems,45.7,48,4,18.2,181,Declining,1.85,40.7,Underperforming,Fail,At-Risk,Intensive Academic Recovery
STU-1201,Male,Software Engineering,45.2,48,4,17.9,179,Declining,1.85,40.5,Underperforming,Fail,At-Risk,Intensive Academic Recovery
STU-1202,Male,Computer Science,45.2,49,4,17.3,172,Declining,1.85,40.7,Underperforming,Fail,At-Risk,Intensive Academic Recovery
STU-1203,Female,Data Science,45.8,52,3,16.6,164,Declining,1.91,40.5,Underperforming,Fail,At-Risk,Intensive Academic Recovery
STU-1204,Female,Artificial Intelligence,46.9,57,3,15.9,155,Declining,2,42.9,Underperforming,Fail,At-Risk,Intensive Academic Recovery
STU-1205,Female,Information Systems,48.7,62,4,15.4,146,Declining,2.08,47.1,Underperforming,Fail,At-Risk,Intensive Academic Recovery
STU-1206,Male,Software Engineering,51,67,4,15,139,Declining,2.14,49.8,Underperforming,Fail,At-Risk,Intensive Academic Recovery
STU-1207,Male,Computer Science,53.9,71,5,15,134,Declining,2.19,53.8,Underperforming,Fail,At-Risk,Intensive Academic Recovery
STU-1208,Male,Data Science,57.4,74,5,15.3,132,Declining,2.2,55.9,Underperforming,Fail,At-Risk,Intensive Academic Recovery
STU-1209,Female,Artificial Intelligence,61.2,76,6,15.7,132,Stable,2.19,59.1,Satisfactory,Pass,At-Risk,Academic Peer Mentoring
STU-1210,Female,Information Systems,65.4,76,6,16.3,135,Stable,2.15,60,Satisfactory,Pass,Normal,Academic Peer Mentoring
STU-1211,Female,Software Engineering,69.7,74,6,17,139,Stable,2.09,60,Satisfactory,Pass,Normal,Academic Peer Mentoring
STU-1212,Male,Computer Science,74.1,73,7,17.4,143,Stable,2.01,61.8,Satisfactory,Pass,Normal,Academic Peer Mentoring
STU-1213,Male,Data Science,78.5,71,7,17.6,146,Stable,1.93,61.5,Satisfactory,Pass,Normal,Academic Peer Mentoring
STU-1214,Male,Artificial Intelligence,82.6,69,7,17.4,147,Improving,1.86,61.1,Satisfactory,Pass,Normal,Academic Peer Mentoring
STU-1215,Female,Information Systems,86.4,69,8,16.6,145,Improving,1.85,63.1,Satisfactory,Pass,Normal,Academic Peer Mentoring
STU-1216,Female,Software Engineering,89.7,71,8,15.4,139,Improving,1.85,64.2,Satisfactory,Pass,Normal,Academic Peer Mentoring
STU-1217,Female,Computer Science,92.5,74,8,13.7,130,Improving,1.85,65.3,Satisfactory,Pass,Normal,Academic Peer Mentoring
STU-1218,Male,Data Science,94.6,78,9,11.6,117,Improving,1.85,68.2,Satisfactory,Pass,Normal,Academic Peer Mentoring
STU-1219,Male,Artificial Intelligence,96.1,83,9,9.3,102,Improving,1.86,69.7,Satisfactory,Pass,Normal,Academic Peer Mentoring
STU-1220,Male,Information Systems,97,88,9,6.9,86,Improving,1.94,71.5,Good,Pass,Normal,Regular Advising / Honors Track
STU-1221,Female,Software Engineering,97.2,91,9,4.6,69,Improving,2.02,72.4,Good,Pass,Normal,Regular Advising / Honors Track
STU-1222,Female,Computer Science,96.7,94,8,2.7,54,Improving,2.1,71.6,Good,Pass,Normal,Regular Advising / Honors Track
STU-1223,Female,Data Science,95.7,94,8,2,41,Improving,2.16,71.5,Good,Pass,Normal,Regular Advising / Honors Track
STU-1224,Male,Artificial Intelligence,94.3,93,7,2,32,Improving,2.21,69.5,Satisfactory,Pass,Normal,Academic Peer Mentoring
STU-1225,Male,Information Systems,92.5,89,7,2,28,Improving,2.23,67.6,Satisfactory,Pass,Normal,Academic Peer Mentoring
STU-1226,Male,Software Engineering,90.5,85,6,2,28,Improving,2.21,63.9,Satisfactory,Pass,Normal,Academic Peer Mentoring
STU-1227,Female,Computer Science,88.3,79,5,2,32,Improving,2.17,59.2,Satisfactory,Pass,At-Risk,Academic Peer Mentoring
STU-1228,Female,Data Science,86.2,74,5,3.2,40,Improving,2.11,56.9,Underperforming,Fail,At-Risk,Academic Peer Mentoring
STU-1229,Female,Artificial Intelligence,84.2,70,5,5.1,51,Improving,2.03,55.2,Underperforming,Fail,At-Risk,Academic Peer Mentoring
STU-1230,Male,Information Systems,82.3,68,5,7.1,64,Improving,1.95,54.3,Underperforming,Fail,At-Risk,Academic Peer Mentoring
STU-1231,Male,Software Engineering,80.8,67,5,9.1,77,Improving,1.88,53.9,Underperforming,Fail,At-Risk,Academic Peer Mentoring
STU-1232,Male,Computer Science,79.5,68,6,10.9,90,Stable,1.85,56.1,Underperforming,Fail,At-Risk,Academic Peer Mentoring
STU-1233,Female,Data Science,78.6,71,6,12.4,102,Stable,1.85,57.7,Underperforming,Fail,At-Risk,Academic Peer Mentoring
STU-1234,Female,Artificial Intelligence,78.1,75,7,13.5,111,Stable,1.85,61.2,Satisfactory,Pass,Normal,Academic Peer Mentoring
STU-1235,Non-Binary,Information Systems,77.9,78,8,14.1,119,Stable,1.85,64.1,Satisfactory,Pass,Normal,Academic Peer Mentoring
STU-1236,Male,Software Engineering,78,82,9,14.4,124,Stable,1.89,67.7,Satisfactory,Pass,Normal,Academic Peer Mentoring
STU-1237,Male,Computer Science,78.2,84,9,14.3,128,Stable,1.96,68.8,Satisfactory,Pass,Normal,Academic Peer Mentoring
STU-1238,Female,Data Science,78.6,84,9,14.1,130,Stable,2.05,69.3,Satisfactory,Pass,Normal,Academic Peer Mentoring
STU-1239,Female,Artificial Intelligence,79,83,9,13.8,132,Stable,2.13,69.3,Satisfactory,Pass,Normal,Academic Peer Mentoring
STU-1240,Female,Information Systems,79.4,81,9,13.6,135,Stable,2.19,68.8,Satisfactory,Pass,Normal,Academic Peer Mentoring
STU-1241,Non-Binary,Software Engineering,79.5,78,8,13.6,139,Stable,2.24,66.3,Satisfactory,Pass,Normal,Academic Peer Mentoring
STU-1242,Male,Computer Science,79.3,74,7,13.9,144,Stable,2.25,63.2,Satisfactory,Pass,Normal,Academic Peer Mentoring
STU-1243,Male,Data Science,78.8,70,7,14.5,151,Stable,2.24,61.7,Satisfactory,Pass,Normal,Academic Peer Mentoring
STU-1244,Female,Artificial Intelligence,77.8,68,6,15.5,159,Stable,2.2,59.2,Satisfactory,Pass,At-Risk,Academic Peer Mentoring
STU-1245,Female,Information Systems,76.4,66,5,16.6,167,Stable,2.13,56.6,Underperforming,Fail,At-Risk,Academic Peer Mentoring
STU-1246,Female,Software Engineering,74.4,66,5,17.8,175,Stable,2.06,56.2,Underperforming,Fail,At-Risk,Academic Peer Mentoring
STU-1247,Male,Computer Science,72,67,4,19,181,Stable,1.98,54.5,Underperforming,Fail,At-Risk,Academic Peer Mentoring
STU-1248,Male,Data Science,69.1,68,4,20,185,Stable,1.91,54.4,Underperforming,Fail,At-Risk,Academic Peer Mentoring
STU-1249,Male,Artificial Intelligence,65.7,70,4,20.6,185,Stable,1.86,54.4,Underperforming,Fail,At-Risk,Academic Peer Mentoring
STU-1250,Female,Information Systems,62.1,71,5,20.7,182,Stable,1.85,55.7,Underperforming,Fail,At-Risk,Academic Peer Mentoring
STU-1251,Female,Software Engineering,58.3,72,5,20.2,173,Declining,1.85,55.2,Underperforming,Fail,At-Risk,Mandatory Attendance Counseling
STU-1252,Female,Computer Science,54.3,71,5,19.1,161,Declining,1.86,53.6,Underperforming,Fail,At-Risk,Intensive Academic Recovery
STU-1253,Male,Data Science,50.4,68,5,17.5,145,Declining,1.92,51.4,Underperforming,Fail,At-Risk,Intensive Academic Recovery
STU-1254,Male,Artificial Intelligence,46.7,65,5,15.4,126,Declining,1.99,49.1,Underperforming,Fail,At-Risk,Intensive Academic Recovery
STU-1255,Male,Information Systems,43.3,60,6,12.9,106,Declining,2.08,47.6,Underperforming,Fail,At-Risk,Intensive Academic Recovery
STU-1256,Female,Software Engineering,40.3,55,6,10.3,86,Declining,2.16,44.5,Underperforming,Fail,At-Risk,Intensive Academic Recovery
STU-1257,Female,Computer Science,37.8,51,6,7.8,68,Declining,2.22,41.8,Underperforming,Fail,At-Risk,Intensive Academic Recovery
STU-1258,Female,Data Science,36,47,6,5.5,53,Declining,2.27,39.3,Underperforming,Fail,At-Risk,Intensive Academic Recovery
STU-1259,Male,Artificial Intelligence,36,45,6,3.7,42,Declining,2.28,38,Underperforming,Fail,At-Risk,Intensive Academic Recovery
STU-1260,Male,Information Systems,36,45,6,2.4,35,Declining,2.27,37.4,Underperforming,Fail,At-Risk,Intensive Academic Recovery
STU-1261,Male,Software Engineering,36,47,6,2,34,Declining,2.23,37.9,Underperforming,Fail,At-Risk,Intensive Academic Recovery
STU-1262,Female,Computer Science,36,50,6,2,38,Declining,2.16,38.7,Underperforming,Fail,At-Risk,Intensive Academic Recovery
STU-1263,Female,Data Science,37.2,54,6,2.1,45,Declining,2.09,40.2,Underperforming,Fail,At-Risk,Intensive Academic Recovery
STU-1264,Female,Artificial Intelligence,39.3,59,6,3,55,Declining,2.01,42.6,Underperforming,Fail,At-Risk,Intensive Academic Recovery
STU-1265,Male,Information Systems,41.9,63,6,4.3,67,Declining,1.94,44.8,Underperforming,Fail,At-Risk,Intensive Academic Recovery
STU-1266,Male,Software Engineering,44.9,66,5,5.7,79,Declining,1.89,45.2,Underperforming,Fail,At-Risk,Intensive Academic Recovery
STU-1267,Male,Computer Science,48.1,67,5,7.1,89,Declining,1.86,46.6,Underperforming,Fail,At-Risk,Intensive Academic Recovery
STU-1268,Female,Data Science,51.3,68,5,8.4,97,Declining,1.86,48.1,Underperforming,Fail,At-Risk,Intensive Academic Recovery
STU-1269,Female,Artificial Intelligence,54.6,67,4,9.4,101,Declining,1.9,47.3,Underperforming,Fail,At-Risk,Intensive Academic Recovery
STU-1270,Female,Information Systems,57.7,65,4,10.1,103,Declining,1.95,47.6,Underperforming,Fail,At-Risk,Intensive Academic Recovery
STU-1271,Male,Software Engineering,60.5,63,4,10.4,101,Stable,2.03,47.9,Underperforming,Fail,At-Risk,Academic Peer Mentoring
STU-1272,Male,Computer Science,63.1,62,4,10.5,97,Stable,2.11,48.5,Underperforming,Fail,At-Risk,Academic Peer Mentoring
STU-1273,Male,Data Science,65.2,61,4,10.3,91,Stable,2.19,48.8,Underperforming,Fail,At-Risk,Academic Peer Mentoring
STU-1274,Female,Artificial Intelligence,66.9,62,4,10.1,86,Stable,2.26,49.9,Underperforming,Fail,At-Risk,Academic Peer Mentoring
STU-1275,Female,Information Systems,68.2,64,5,10,83,Stable,2.3,52.7,Underperforming,Fail,At-Risk,Academic Peer Mentoring
STU-1276,Female,Software Engineering,69,66,6,10,82,Stable,2.32,55.4,Underperforming,Fail,At-Risk,Academic Peer Mentoring
STU-1277,Male,Computer Science,69.6,70,7,10.4,85,Stable,2.3,58.7,Satisfactory,Pass,At-Risk,Academic Peer Mentoring
STU-1278,Male,Data Science,69.8,74,7,11.1,93,Stable,2.26,60.4,Satisfactory,Pass,Normal,Academic Peer Mentoring
STU-1279,Male,Artificial Intelligence,69.8,77,8,12.2,105,Stable,2.2,63.3,Satisfactory,Pass,Normal,Academic Peer Mentoring
STU-1280,Female,Information Systems,69.6,79,9,13.7,121,Stable,2.12,65.7,Satisfactory,Pass,Normal,Academic Peer Mentoring
STU-1281,Female,Software Engineering,69.5,80,9,15.4,139,Stable,2.04,66.3,Satisfactory,Pass,Normal,Academic Peer Mentoring
STU-1282,Non-Binary,Computer Science,69.5,79,9,17.3,159,Stable,1.97,66.2,Satisfactory,Pass,Normal,Academic Peer Mentoring
STU-1283,Male,Data Science,69.6,77,8,19.1,179,Stable,1.92,64.2,Satisfactory,Pass,Normal,Academic Peer Mentoring
STU-1284,Male,Artificial Intelligence,70,74,8,20.7,195,Stable,1.9,63.5,Satisfactory,Pass,Normal,Academic Peer Mentoring
STU-1285,Male,Information Systems,70.8,70,7,21.8,208,Stable,1.9,60.9,Satisfactory,Pass,Normal,Academic Peer Mentoring
STU-1286,Female,Software Engineering,71.9,67,6,22.5,216,Stable,1.94,58.7,Satisfactory,Pass,At-Risk,Academic Peer Mentoring
STU-1287,Female,Computer Science,73.4,66,6,22.5,216,Stable,1.99,58.9,Satisfactory,Pass,At-Risk,Academic Peer Mentoring
STU-1288,Non-Binary,Data Science,75.4,65,5,21.8,211,Stable,2.07,57.5,Underperforming,Fail,At-Risk,Academic Peer Mentoring
STU-1289,Male,Artificial Intelligence,77.7,67,5,20.6,198,Stable,2.15,58.7,Satisfactory,Pass,At-Risk,Academic Peer Mentoring
STU-1290,Male,Information Systems,80.3,70,5,18.7,180,Improving,2.23,60.2,Satisfactory,Pass,Normal,Academic Peer Mentoring
STU-1291,Female,Software Engineering,83.1,75,5,16.5,158,Improving,2.3,62.4,Satisfactory,Pass,Normal,Academic Peer Mentoring
STU-1292,Female,Computer Science,86.1,80,5,14.1,134,Improving,2.34,64.3,Satisfactory,Pass,Normal,Academic Peer Mentoring
STU-1293,Female,Data Science,89.1,86,6,11.6,109,Improving,2.36,68.2,Satisfactory,Pass,Normal,Academic Peer Mentoring
STU-1294,Male,Artificial Intelligence,92,91,6,9.3,85,Improving,2.34,69.8,Satisfactory,Pass,Normal,Academic Peer Mentoring
STU-1295,Male,Information Systems,94.7,94,7,7.3,65,Improving,2.3,72.3,Good,Pass,Normal,Regular Advising / Honors Track
STU-1296,Male,Software Engineering,97.1,95,7,5.8,50,Improving,2.24,72.3,Good,Pass,Normal,Regular Advising / Honors Track
STU-1297,Female,Computer Science,98.9,95,8,4.8,40,Improving,2.16,73.5,Good,Pass,Normal,Regular Advising / Honors Track
STU-1298,Female,Data Science,99,93,8,4.3,35,Improving,2.08,72.1,Good,Pass,Normal,Regular Advising / Honors Track
STU-1299,Female,Artificial Intelligence,99,89,8,4.3,36,Improving,2.02,70.2,Good,Pass,Normal,Regular Advising / Honors Track
STU-1300,Male,Information Systems,99,85,8,4.8,42,Improving,1.96,68.5,Satisfactory,Pass,Normal,Academic Peer Mentoring
STU-1301,Male,Software Engineering,99,81,9,5.5,51,Improving,1.94,68.6,Satisfactory,Pass,Normal,Academic Peer Mentoring
STU-1302,Male,Computer Science,98.7,78,8,6.3,62,Improving,1.95,66.1,Satisfactory,Pass,Normal,Academic Peer Mentoring
STU-1303,Female,Data Science,96.6,76,8,7.1,72,Improving,1.98,65.3,Satisfactory,Pass,Normal,Academic Peer Mentoring
STU-1304,Female,Artificial Intelligence,93.9,75,8,7.7,82,Improving,2.04,64.9,Satisfactory,Pass,Normal,Academic Peer Mentoring
STU-1305,Female,Information Systems,90.7,76,8,8,89,Improving,2.11,65.1,Satisfactory,Pass,Normal,Academic Peer Mentoring
STU-1306,Male,Software Engineering,87.1,78,8,8.1,94,Improving,2.2,65.7,Satisfactory,Pass,Normal,Academic Peer Mentoring
STU-1307,Male,Computer Science,83.2,80,8,7.9,95,Improving,2.28,66.1,Satisfactory,Pass,Normal,Academic Peer Mentoring
STU-1308,Male,Data Science,79.1,82,8,7.5,93,Stable,2.34,66.2,Satisfactory,Pass,Normal,Academic Peer Mentoring
STU-1309,Female,Artificial Intelligence,75,83,7,6.9,89,Stable,2.39,64.2,Satisfactory,Pass,Normal,Academic Peer Mentoring
STU-1310,Female,Information Systems,71,83,7,6.4,84,Stable,2.4,63.3,Satisfactory,Pass,Normal,Academic Peer Mentoring
STU-1311,Female,Software Engineering,67.3,81,6,6.1,79,Stable,2.39,60,Satisfactory,Pass,Normal,Academic Peer Mentoring
STU-1312,Male,Computer Science,63.8,77,5,6,75,Stable,2.35,55.9,Underperforming,Fail,At-Risk,Academic Peer Mentoring
STU-1313,Male,Data Science,60.9,72,5,6.4,74,Stable,2.28,53.1,Underperforming,Fail,At-Risk,Academic Peer Mentoring
STU-1314,Male,Artificial Intelligence,58.4,67,4,7.3,77,Declining,2.21,48.9,Underperforming,Fail,At-Risk,Mandatory Attendance Counseling
STU-1315,Female,Information Systems,56.4,61,4,8.7,83,Declining,2.13,46.2,Underperforming,Fail,At-Risk,Intensive Academic Recovery
STU-1316,Female,Software Engineering,54.9,57,3,10.5,94,Declining,2.06,43,Underperforming,Fail,At-Risk,Intensive Academic Recovery
STU-1317,Female,Computer Science,54,54,4,12.6,108,Declining,2.01,43.7,Underperforming,Fail,At-Risk,Intensive Academic Recovery
STU-1318,Male,Data Science,53.5,53,4,14.9,124,Declining,1.99,43.9,Underperforming,Fail,At-Risk,Intensive Academic Recovery
STU-1319,Male,Artificial Intelligence,53.5,54,4,17.2,142,Declining,1.99,45.1,Underperforming,Fail,At-Risk,Intensive Academic Recovery
STU-1320,Male,Information Systems,53.7,57,5,19.4,159,Declining,2.03,48.9,Underperforming,Fail,At-Risk,Intensive Academic Recovery
STU-1321,Female,Software Engineering,54.2,61,6,21.1,174,Declining,2.09,53.1,Underperforming,Fail,At-Risk,Intensive Academic Recovery
STU-1322,Female,Computer Science,54.7,66,7,22.3,187,Declining,2.16,57.6,Underperforming,Fail,At-Risk,Intensive Academic Recovery
STU-1323,Female,Data Science,55.3,70,8,22.9,195,Declining,2.25,61.6,Satisfactory,Pass,At-Risk,Mandatory Attendance Counseling
STU-1324,Male,Artificial Intelligence,55.8,73,8,22.8,199,Declining,2.33,63.3,Satisfactory,Pass,At-Risk,Mandatory Attendance Counseling
STU-1325,Male,Information Systems,56.1,75,8,22.1,197,Declining,2.39,64.2,Satisfactory,Pass,At-Risk,Mandatory Attendance Counseling
STU-1326,Male,Software Engineering,56.1,75,8,20.8,191,Declining,2.44,64,Satisfactory,Pass,At-Risk,Mandatory Attendance Counseling
STU-1327,Female,Computer Science,55.9,72,8,19,181,Declining,2.45,62.2,Satisfactory,Pass,At-Risk,Mandatory Attendance Counseling
STU-1328,Female,Data Science,55.2,69,7,17,167,Declining,2.44,58.5,Satisfactory,Pass,At-Risk,Mandatory Attendance Counseling
STU-1329,Female,Artificial Intelligence,54.3,64,6,14.9,152,Declining,2.4,53.8,Underperforming,Fail,At-Risk,Intensive Academic Recovery
STU-1330,Male,Information Systems,53,59,5,12.8,137,Declining,2.33,48.8,Underperforming,Fail,At-Risk,Intensive Academic Recovery
STU-1331,Male,Software Engineering,51.5,55,5,11,122,Declining,2.26,45.9,Underperforming,Fail,At-Risk,Intensive Academic Recovery
STU-1332,Male,Computer Science,49.7,53,4,9.6,109,Declining,2.18,42.2,Underperforming,Fail,At-Risk,Intensive Academic Recovery
STU-1333,Female,Data Science,47.9,51,3,8.6,99,Declining,2.11,38.8,Underperforming,Fail,At-Risk,Intensive Academic Recovery
STU-1334,Female,Artificial Intelligence,46,52,3,8.1,90,Declining,2.06,38.3,Underperforming,Fail,At-Risk,Intensive Academic Recovery
STU-1335,Non-Binary,Information Systems,44.3,54,3,7.9,85,Declining,2.04,38.6,Underperforming,Fail,At-Risk,Intensive Academic Recovery
STU-1336,Male,Software Engineering,42.8,57,3,8.1,81,Declining,2.05,39.7,Underperforming,Fail,At-Risk,Intensive Academic Recovery
STU-1337,Male,Computer Science,41.6,60,4,8.4,79,Declining,2.08,42.5,Underperforming,Fail,At-Risk,Intensive Academic Recovery
STU-1338,Female,Data Science,40.9,63,4,8.7,78,Declining,2.14,44,Underperforming,Fail,At-Risk,Intensive Academic Recovery
STU-1339,Female,Artificial Intelligence,40.7,65,5,8.9,76,Declining,2.22,46.8,Underperforming,Fail,At-Risk,Intensive Academic Recovery
STU-1340,Female,Information Systems,41.1,67,5,8.9,74,Declining,2.31,48.1,Underperforming,Fail,At-Risk,Intensive Academic Recovery
STU-1341,Non-Binary,Software Engineering,42.1,66,6,8.6,71,Declining,2.39,49.9,Underperforming,Fail,At-Risk,Intensive Academic Recovery
STU-1342,Male,Computer Science,43.8,65,6,8,66,Declining,2.45,49.9,Underperforming,Fail,At-Risk,Intensive Academic Recovery
STU-1343,Male,Data Science,46.1,63,6,7.2,61,Declining,2.49,49.5,Underperforming,Fail,At-Risk,Intensive Academic Recovery
STU-1344,Female,Artificial Intelligence,49.1,61,7,6.1,55,Declining,2.51,50.6,Underperforming,Fail,At-Risk,Intensive Academic Recovery
STU-1345,Female,Information Systems,52.5,59,7,5,49,Declining,2.49,50,Underperforming,Fail,At-Risk,Intensive Academic Recovery
STU-1346,Female,Software Engineering,56.4,58,7,3.9,45,Declining,2.45,49.8,Underperforming,Fail,At-Risk,Intensive Academic Recovery
STU-1347,Male,Computer Science,60.6,59,7,3.2,44,Stable,2.39,50.5,Underperforming,Fail,At-Risk,Academic Peer Mentoring
STU-1348,Male,Data Science,65,62,7,2.8,45,Stable,2.31,52,Underperforming,Fail,At-Risk,Academic Peer Mentoring
STU-1349,Male,Artificial Intelligence,69.4,66,7,2.9,50,Stable,2.24,54.1,Underperforming,Fail,At-Risk,Academic Peer Mentoring
STU-1350,Female,Information Systems,73.8,71,7,3.6,59,Stable,2.17,56.9,Underperforming,Fail,At-Risk,Academic Peer Mentoring
STU-1351,Female,Software Engineering,78,77,7,4.9,71,Stable,2.12,60.3,Satisfactory,Pass,Normal,Academic Peer Mentoring
STU-1352,Female,Computer Science,81.8,82,7,6.7,87,Improving,2.1,63.6,Satisfactory,Pass,Normal,Academic Peer Mentoring
STU-1353,Male,Data Science,85.1,87,7,8.9,105,Improving,2.11,67.1,Satisfactory,Pass,Normal,Academic Peer Mentoring
STU-1354,Male,Artificial Intelligence,88,90,7,11.4,123,Improving,2.14,69.9,Satisfactory,Pass,Normal,Academic Peer Mentoring
STU-1355,Male,Information Systems,90.2,91,7,14,141,Improving,2.21,72,Good,Pass,Normal,Regular Advising / Honors Track
STU-1356,Female,Software Engineering,91.8,91,6,16.4,158,Improving,2.28,72,Good,Pass,Normal,Regular Advising / Honors Track
STU-1357,Female,Computer Science,92.8,89,6,18.6,171,Improving,2.37,72.6,Good,Pass,Normal,Regular Advising / Honors Track
STU-1358,Female,Data Science,93.2,86,6,20.2,180,Improving,2.45,72.5,Good,Pass,Normal,Regular Advising / Honors Track
STU-1359,Male,Artificial Intelligence,93,82,6,21.3,184,Improving,2.51,71.5,Good,Pass,Normal,Regular Advising / Honors Track
STU-1360,Male,Information Systems,92.4,79,6,21.8,184,Improving,2.56,70.6,Good,Pass,Normal,Regular Advising / Honors Track
STU-1361,Male,Software Engineering,91.3,77,6,21.6,180,Improving,2.57,69.6,Satisfactory,Pass,Normal,Academic Peer Mentoring
STU-1362,Female,Computer Science,90,76,6,20.9,172,Improving,2.56,68.6,Satisfactory,Pass,Normal,Academic Peer Mentoring
STU-1363,Female,Data Science,88.5,76,7,19.7,162,Improving,2.51,69.2,Satisfactory,Pass,Normal,Academic Peer Mentoring
STU-1364,Female,Artificial Intelligence,86.9,78,7,18.3,151,Improving,2.45,68.9,Satisfactory,Pass,Normal,Academic Peer Mentoring
STU-1365,Male,Information Systems,85.4,80,8,16.7,140,Improving,2.38,70.1,Good,Pass,Normal,Regular Advising / Honors Track
STU-1366,Male,Software Engineering,84,83,9,15.2,131,Improving,2.3,71.7,Good,Pass,Normal,Regular Advising / Honors Track
STU-1367,Male,Computer Science,82.8,85,9,13.9,124,Improving,2.23,71.4,Good,Pass,Normal,Regular Advising / Honors Track
STU-1368,Female,Data Science,82,86,9,12.9,121,Improving,2.19,71.1,Good,Pass,Normal,Regular Advising / Honors Track
STU-1369,Female,Artificial Intelligence,81.4,87,9,12.3,120,Improving,2.16,71,Good,Pass,Normal,Regular Advising / Honors Track
STU-1370,Female,Information Systems,81.2,86,9,12,122,Improving,2.17,70.5,Good,Pass,Normal,Regular Advising / Honors Track
STU-1371,Male,Software Engineering,81.3,84,9,11.9,125,Improving,2.21,69.9,Satisfactory,Pass,Normal,Academic Peer Mentoring
STU-1372,Male,Computer Science,81.7,81,8,12.1,129,Improving,2.27,67.6,Satisfactory,Pass,Normal,Academic Peer Mentoring
STU-1373,Male,Data Science,82.4,78,7,12.3,132,Improving,2.35,65.4,Satisfactory,Pass,Normal,Academic Peer Mentoring
STU-1374,Female,Artificial Intelligence,83.1,75,6,12.4,133,Improving,2.44,63.2,Satisfactory,Pass,Normal,Academic Peer Mentoring
STU-1375,Female,Information Systems,83.9,74,6,12.3,132,Improving,2.52,63.4,Satisfactory,Pass,Normal,Academic Peer Mentoring
STU-1376,Female,Software Engineering,84.6,73,5,11.9,126,Improving,2.58,61.7,Satisfactory,Pass,Normal,Academic Peer Mentoring
STU-1377,Male,Computer Science,85.2,74,5,11.1,116,Improving,2.63,62.2,Satisfactory,Pass,Normal,Academic Peer Mentoring
STU-1378,Male,Data Science,85.5,76,5,9.9,103,Improving,2.64,62.7,Satisfactory,Pass,Normal,Academic Peer Mentoring
STU-1379,Male,Artificial Intelligence,85.4,79,5,8.5,86,Improving,2.62,63.3,Satisfactory,Pass,Normal,Academic Peer Mentoring
STU-1380,Female,Information Systems,84.8,82,6,6.8,68,Improving,2.58,65.2,Satisfactory,Pass,Normal,Academic Peer Mentoring
STU-1381,Female,Software Engineering,83.8,85,6,5,49,Improving,2.52,65.2,Satisfactory,Pass,Normal,Academic Peer Mentoring
STU-1382,Non-Binary,Computer Science,82.2,87,6,3.3,32,Improving,2.44,64.7,Satisfactory,Pass,Normal,Academic Peer Mentoring
STU-1383,Male,Data Science,80,87,7,2,18,Improving,2.37,65,Satisfactory,Pass,Normal,Academic Peer Mentoring
STU-1384,Male,Artificial Intelligence,77.3,85,7,2,18,Stable,2.3,63.3,Satisfactory,Pass,Normal,Academic Peer Mentoring
STU-1385,Male,Information Systems,74.1,82,7,2,18,Stable,2.26,61.3,Satisfactory,Pass,Normal,Academic Peer Mentoring
STU-1386,Female,Software Engineering,70.5,77,8,2,18,Stable,2.24,60,Satisfactory,Pass,Normal,Academic Peer Mentoring
STU-1387,Female,Computer Science,66.6,71,7,2,19,Stable,2.24,55.3,Underperforming,Fail,At-Risk,Academic Peer Mentoring
STU-1388,Non-Binary,Data Science,62.4,66,7,3.3,35,Stable,2.28,53.1,Underperforming,Fail,At-Risk,Academic Peer Mentoring
STU-1389,Male,Artificial Intelligence,58.2,61,7,5.4,55,Declining,2.35,51.4,Underperforming,Fail,At-Risk,Mandatory Attendance Counseling
STU-1390,Male,Information Systems,54,57,7,7.7,79,Declining,2.42,50.1,Underperforming,Fail,At-Risk,Intensive Academic Recovery
STU-1391,Female,Software Engineering,50,55,7,10.2,105,Declining,2.51,49.8,Underperforming,Fail,At-Risk,Intensive Academic Recovery
STU-1392,Female,Computer Science,46.3,54,6,12.7,129,Declining,2.59,48.4,Underperforming,Fail,At-Risk,Intensive Academic Recovery
STU-1393,Female,Data Science,43,55,6,15,151,Declining,2.66,49.3,Underperforming,Fail,At-Risk,Intensive Academic Recovery
STU-1394,Male,Artificial Intelligence,40.3,58,6,16.8,169,Declining,2.7,50.8,Underperforming,Fail,At-Risk,Intensive Academic Recovery
STU-1395,Male,Information Systems,38.2,61,6,18.2,181,Declining,2.71,52.1,Underperforming,Fail,At-Risk,Intensive Academic Recovery
STU-1396,Male,Software Engineering,36.8,63,5,19,188,Declining,2.7,51.3,Underperforming,Fail,At-Risk,Intensive Academic Recovery
STU-1397,Female,Computer Science,36.1,65,5,19.3,188,Declining,2.66,51.8,Underperforming,Fail,At-Risk,Intensive Academic Recovery
STU-1398,Female,Data Science,36.1,66,5,19,184,Declining,2.59,51.7,Underperforming,Fail,At-Risk,Intensive Academic Recovery
STU-1399,Female,Artificial Intelligence,36.7,65,4,18.4,175,Declining,2.52,49.3,Underperforming,Fail,At-Risk,Intensive Academic Recovery
STU-1400,Male,Information Systems,37.9,63,4,17.6,164,Declining,2.44,48,Underperforming,Fail,At-Risk,Intensive Academic Recovery
STU-1401,Male,Software Engineering,39.7,61,4,16.7,152,Declining,2.38,47,Underperforming,Fail,At-Risk,Intensive Academic Recovery
STU-1402,Male,Computer Science,41.9,58,3,15.8,141,Declining,2.33,44,Underperforming,Fail,At-Risk,Intensive Academic Recovery
STU-1403,Female,Data Science,44.4,55,3,15.2,131,Declining,2.31,43,Underperforming,Fail,At-Risk,Intensive Academic Recovery
STU-1404,Female,Artificial Intelligence,47,54,4,14.8,125,Declining,2.32,44.6,Underperforming,Fail,At-Risk,Intensive Academic Recovery
STU-1405,Female,Information Systems,49.8,54,4,14.7,122,Declining,2.36,45.4,Underperforming,Fail,At-Risk,Intensive Academic Recovery
STU-1406,Male,Software Engineering,52.5,56,5,14.9,122,Declining,2.42,48.7,Underperforming,Fail,At-Risk,Intensive Academic Recovery
STU-1407,Male,Computer Science,55,59,6,15.3,126,Declining,2.5,52.6,Underperforming,Fail,At-Risk,Intensive Academic Recovery
STU-1408,Male,Data Science,57.3,64,6,15.7,131,Declining,2.59,55.6,Underperforming,Fail,At-Risk,Intensive Academic Recovery
STU-1409,Female,Artificial Intelligence,59.2,69,7,16.1,137,Declining,2.67,60.2,Satisfactory,Pass,At-Risk,Mandatory Attendance Counseling
STU-1410,Female,Information Systems,60.8,74,8,16.4,143,Stable,2.74,64.5,Satisfactory,Pass,Normal,Academic Peer Mentoring
STU-1411,Female,Software Engineering,62,78,9,16.2,146,Stable,2.78,68.1,Satisfactory,Pass,Normal,Academic Peer Mentoring
STU-1412,Male,Computer Science,62.8,80,9,15.7,146,Stable,2.79,69,Satisfactory,Pass,Normal,Academic Peer Mentoring
STU-1413,Male,Data Science,63.3,81,9,14.7,143,Stable,2.78,69.1,Satisfactory,Pass,Normal,Academic Peer Mentoring
STU-1414,Male,Artificial Intelligence,63.4,80,8,13.2,135,Stable,2.73,66.3,Satisfactory,Pass,Normal,Academic Peer Mentoring
STU-1415,Female,Information Systems,63.4,77,8,11.4,122,Stable,2.67,64.2,Satisfactory,Pass,Normal,Academic Peer Mentoring
STU-1416,Female,Software Engineering,63.2,73,7,9.2,107,Stable,2.6,59.8,Satisfactory,Pass,At-Risk,Academic Peer Mentoring
STU-1417,Female,Computer Science,63,68,6,6.9,89,Stable,2.52,54.9,Underperforming,Fail,At-Risk,Academic Peer Mentoring
STU-1418,Male,Data Science,62.9,64,5,4.7,70,Stable,2.46,50.6,Underperforming,Fail,At-Risk,Academic Peer Mentoring
STU-1419,Male,Artificial Intelligence,63,62,4,2.8,52,Stable,2.41,47.3,Underperforming,Fail,At-Risk,Academic Peer Mentoring
STU-1420,Male,Information Systems,63.4,61,4,2,37,Stable,2.39,46.6,Underperforming,Fail,At-Risk,Academic Peer Mentoring
STU-1421,Female,Software Engineering,64.1,62,4,2,25,Stable,2.4,47.2,Underperforming,Fail,At-Risk,Academic Peer Mentoring
STU-1422,Female,Computer Science,65.2,65,4,2,18,Stable,2.44,48.8,Underperforming,Fail,At-Risk,Academic Peer Mentoring
STU-1423,Female,Data Science,66.7,69,4,2,18,Stable,2.51,51.1,Underperforming,Fail,At-Risk,Academic Peer Mentoring
STU-1424,Male,Artificial Intelligence,68.8,75,5,2,21,Stable,2.59,55.9,Underperforming,Fail,At-Risk,Academic Peer Mentoring
STU-1425,Male,Information Systems,71.2,80,6,2.9,29,Stable,2.67,60.7,Satisfactory,Pass,Normal,Academic Peer Mentoring
STU-1426,Male,Software Engineering,74,85,7,4.9,42,Stable,2.75,66,Satisfactory,Pass,Normal,Academic Peer Mentoring
STU-1427,Female,Computer Science,77.2,88,7,7,58,Stable,2.82,69,Satisfactory,Pass,Normal,Academic Peer Mentoring
STU-1428,Female,Data Science,80.6,90,8,9.2,76,Improving,2.86,73,Good,Pass,Normal,Regular Advising / Honors Track
STU-1429,Female,Artificial Intelligence,84.1,91,9,11.3,93,Improving,2.88,76.6,Good,Pass,Normal,Regular Advising / Honors Track
STU-1430,Male,Information Systems,87.6,89,9,13,109,Improving,2.86,76.9,Good,Pass,Normal,Regular Advising / Honors Track
STU-1431,Male,Software Engineering,91,87,9,14.3,124,Improving,2.82,77.1,Good,Pass,Normal,Regular Advising / Honors Track
STU-1432,Male,Computer Science,94.1,84,9,15.2,135,Improving,2.75,76.4,Good,Pass,Normal,Regular Advising / Honors Track
STU-1433,Female,Data Science,96.8,82,9,15.6,143,Improving,2.68,76,Good,Pass,Normal,Regular Advising / Honors Track
STU-1434,Female,Artificial Intelligence,99,81,9,15.7,148,Improving,2.6,75.6,Good,Pass,Normal,Regular Advising / Honors Track
STU-1435,Non-Binary,Information Systems,99,81,9,15.5,150,Improving,2.54,75.2,Good,Pass,Normal,Regular Advising / Honors Track
STU-1436,Male,Software Engineering,99,83,9,15.1,151,Improving,2.5,75.7,Good,Pass,Normal,Regular Advising / Honors Track
STU-1437,Male,Computer Science,99,85,8,14.7,151,Improving,2.48,74.6,Good,Pass,Normal,Regular Advising / Honors Track
STU-1438,Female,Data Science,99,89,8,14.5,150,Improving,2.49,76.2,Good,Pass,Normal,Regular Advising / Honors Track
STU-1439,Female,Artificial Intelligence,99,92,8,14.4,150,Improving,2.53,77.6,Good,Pass,Normal,Regular Advising / Honors Track
STU-1440,Female,Information Systems,98.5,95,8,14.7,152,Improving,2.6,79.2,Good,Pass,Normal,Regular Advising / Honors Track
STU-1441,Non-Binary,Software Engineering,96.1,97,7,15.3,154,Improving,2.68,78.5,Good,Pass,Normal,Regular Advising / Honors Track
STU-1442,Male,Computer Science,93.2,97,7,16.1,157,Improving,2.76,78.6,Good,Pass,Normal,Regular Advising / Honors Track
STU-1443,Male,Data Science,89.9,95,7,17.1,161,Improving,2.84,77.9,Good,Pass,Normal,Regular Advising / Honors Track
STU-1444,Female,Artificial Intelligence,86.3,91,6,18.1,165,Improving,2.91,74.7,Good,Pass,Normal,Regular Advising / Honors Track
STU-1445,Female,Information Systems,82.6,86,6,19,168,Improving,2.95,72.5,Good,Pass,Normal,Regular Advising / Honors Track
STU-1446,Female,Software Engineering,78.9,80,6,19.6,168,Stable,2.96,69.6,Satisfactory,Pass,Normal,Academic Peer Mentoring
STU-1447,Male,Computer Science,75.3,75,5,19.8,166,Stable,2.95,65.3,Satisfactory,Pass,Normal,Academic Peer Mentoring
STU-1448,Male,Data Science,71.9,70,5,19.4,161,Stable,2.9,62.3,Satisfactory,Pass,Normal,Academic Peer Mentoring
STU-1449,Male,Artificial Intelligence,68.8,66,6,18.5,152,Stable,2.84,61,Satisfactory,Pass,Normal,Academic Peer Mentoring
STU-1450,Female,Information Systems,66.2,65,6,17.1,140,Stable,2.77,59.2,Satisfactory,Pass,At-Risk,Academic Peer Mentoring
STU-1451,Female,Software Engineering,64,65,6,15.1,125,Stable,2.69,57.7,Underperforming,Fail,At-Risk,Academic Peer Mentoring
STU-1452,Female,Computer Science,62.3,67,7,12.8,108,Stable,2.63,58.6,Satisfactory,Pass,At-Risk,Academic Peer Mentoring
STU-1453,Male,Data Science,61,70,8,10.2,91,Stable,2.58,60,Satisfactory,Pass,Normal,Academic Peer Mentoring
STU-1454,Male,Artificial Intelligence,60.2,73,8,7.7,75,Stable,2.57,60.1,Satisfactory,Pass,Normal,Academic Peer Mentoring
STU-1455,Male,Information Systems,59.8,76,8,5.4,60,Declining,2.58,60.5,Satisfactory,Pass,At-Risk,Mandatory Attendance Counseling
STU-1456,Female,Software Engineering,59.7,78,9,3.4,48,Declining,2.62,62.4,Satisfactory,Pass,At-Risk,Mandatory Attendance Counseling
STU-1457,Female,Computer Science,59.8,79,8,2,41,Declining,2.69,61,Satisfactory,Pass,At-Risk,Mandatory Attendance Counseling
STU-1458,Female,Data Science,60.1,78,8,2,37,Stable,2.77,61.1,Satisfactory,Pass,Normal,Academic Peer Mentoring
STU-1459,Male,Artificial Intelligence,60.4,76,7,2,38,Stable,2.85,59.2,Satisfactory,Pass,At-Risk,Academic Peer Mentoring
STU-1460,Male,Information Systems,60.5,73,7,2,43,Stable,2.93,58.4,Satisfactory,Pass,At-Risk,Academic Peer Mentoring
STU-1461,Male,Software Engineering,60.6,69,6,2.3,51,Stable,3,55.7,Underperforming,Fail,At-Risk,Academic Peer Mentoring
STU-1462,Female,Computer Science,60.3,66,5,3.7,60,Stable,3.04,53.6,Underperforming,Fail,At-Risk,Academic Peer Mentoring
STU-1463,Female,Data Science,59.8,64,4,5.3,71,Declining,3.05,51.7,Underperforming,Fail,At-Risk,Mandatory Attendance Counseling
STU-1464,Female,Artificial Intelligence,58.9,62,4,6.9,81,Declining,3.04,51.2,Underperforming,Fail,At-Risk,Mandatory Attendance Counseling
STU-1465,Male,Information Systems,57.6,62,4,8.5,89,Declining,2.99,51.2,Underperforming,Fail,At-Risk,Intensive Academic Recovery
STU-1466,Male,Software Engineering,56,64,4,9.8,95,Declining,2.93,51.9,Underperforming,Fail,At-Risk,Intensive Academic Recovery
STU-1467,Male,Computer Science,54,66,4,10.8,99,Declining,2.85,52.2,Underperforming,Fail,At-Risk,Intensive Academic Recovery
STU-1468,Female,Data Science,51.8,68,5,11.4,100,Declining,2.78,54,Underperforming,Fail,At-Risk,Intensive Academic Recovery
STU-1469,Female,Artificial Intelligence,49.4,70,5,11.7,99,Declining,2.72,54.1,Underperforming,Fail,At-Risk,Intensive Academic Recovery
STU-1470,Female,Information Systems,47,71,6,11.7,97,Declining,2.67,55.4,Underperforming,Fail,At-Risk,Intensive Academic Recovery
STU-1471,Male,Software Engineering,44.6,71,6,11.5,95,Declining,2.66,54.8,Underperforming,Fail,At-Risk,Intensive Academic Recovery
STU-1472,Male,Computer Science,42.3,69,6,11.4,94,Declining,2.67,53.5,Underperforming,Fail,At-Risk,Intensive Academic Recovery
STU-1473,Male,Data Science,40.4,66,7,11.3,94,Declining,2.71,53.7,Underperforming,Fail,At-Risk,Intensive Academic Recovery
STU-1474,Female,Artificial Intelligence,38.8,63,7,11.4,98,Declining,2.78,52.6,Underperforming,Fail,At-Risk,Intensive Academic Recovery
STU-1475,Female,Information Systems,37.8,59,7,11.9,106,Declining,2.86,51.4,Underperforming,Fail,At-Risk,Intensive Academic Recovery
STU-1476,Female,Software Engineering,37.3,56,7,12.7,117,Declining,2.95,50.8,Underperforming,Fail,At-Risk,Intensive Academic Recovery
STU-1477,Male,Computer Science,37.5,53,6,13.9,131,Declining,3.03,48.9,Underperforming,Fail,At-Risk,Intensive Academic Recovery
STU-1478,Male,Data Science,38.3,52,6,15.3,148,Declining,3.09,49.5,Underperforming,Fail,At-Risk,Intensive Academic Recovery
STU-1479,Male,Artificial Intelligence,39.8,53,6,16.9,165,Declining,3.13,51,Underperforming,Fail,At-Risk,Intensive Academic Recovery
STU-1480,Female,Information Systems,42.1,56,6,18.6,182,Declining,3.14,53.3,Underperforming,Fail,At-Risk,Intensive Academic Recovery
STU-1481,Female,Software Engineering,44.9,60,6,20.1,196,Declining,3.13,55.9,Underperforming,Fail,At-Risk,Intensive Academic Recovery
STU-1482,Non-Binary,Computer Science,48.2,65,6,21.3,206,Declining,3.08,58.7,Satisfactory,Pass,At-Risk,Mandatory Attendance Counseling
STU-1483,Male,Data Science,52,71,6,22,211,Declining,3.02,61.8,Satisfactory,Pass,At-Risk,Mandatory Attendance Counseling
STU-1484,Male,Artificial Intelligence,56.1,76,6,22.1,210,Declining,2.94,64.2,Satisfactory,Pass,At-Risk,Mandatory Attendance Counseling
STU-1485,Male,Information Systems,60.4,80,6,21.5,203,Stable,2.87,66.1,Satisfactory,Pass,Normal,Academic Peer Mentoring
STU-1486,Female,Software Engineering,64.7,82,6,20.4,190,Stable,2.81,67.1,Satisfactory,Pass,Normal,Academic Peer Mentoring
STU-1487,Female,Computer Science,69,83,6,18.6,171,Stable,2.76,67.5,Satisfactory,Pass,Normal,Academic Peer Mentoring
STU-1488,Non-Binary,Data Science,73.1,82,5,16.4,149,Stable,2.75,65.5,Satisfactory,Pass,Normal,Academic Peer Mentoring
STU-1489,Male,Artificial Intelligence,76.8,81,5,14,124,Stable,2.76,65,Satisfactory,Pass,Normal,Academic Peer Mentoring
STU-1490,Male,Information Systems,80,79,6,11.4,99,Improving,2.8,65.8,Satisfactory,Pass,Normal,Academic Peer Mentoring
STU-1491,Female,Software Engineering,82.8,77,6,9,76,Improving,2.87,65,Satisfactory,Pass,Normal,Academic Peer Mentoring
STU-1492,Female,Computer Science,85,77,6,6.8,57,Improving,2.95,65.1,Satisfactory,Pass,Normal,Academic Peer Mentoring
STU-1493,Female,Data Science,86.6,77,7,5.1,42,Improving,3.04,66.9,Satisfactory,Pass,Normal,Academic Peer Mentoring
STU-1494,Male,Artificial Intelligence,87.7,79,7,3.9,33,Improving,3.12,67.9,Satisfactory,Pass,Normal,Academic Peer Mentoring
STU-1495,Male,Information Systems,88.2,81,8,3.3,30,Improving,3.18,70.5,Good,Pass,Normal,Regular Advising / Honors Track
STU-1496,Male,Software Engineering,88.2,85,9,3.3,33,Improving,3.22,73.9,Good,Pass,Normal,Regular Advising / Honors Track
STU-1497,Female,Computer Science,87.8,88,9,3.7,40,Improving,3.23,75.3,Good,Pass,Normal,Regular Advising / Honors Track
STU-1498,Female,Data Science,87.1,92,10,4.5,51,Improving,3.22,78.5,Good,Pass,Normal,Regular Advising / Honors Track
STU-1499,Female,Artificial Intelligence,86.2,94,10,5.4,64,Improving,3.17,79.2,Good,Pass,Normal,Regular Advising / Honors Track
STU-1500,Male,Information Systems,85.2,94,10,6.4,76,Improving,3.11,79.1,Good,Pass,Normal,Regular Advising / Honors Track
STU-1501,Male,Software Engineering,84.1,93,9,7.4,88,Improving,3.03,76.8,Good,Pass,Normal,Regular Advising / Honors Track
STU-1502,Male,Computer Science,83.2,91,9,8.1,96,Improving,2.96,75.7,Good,Pass,Normal,Regular Advising / Honors Track
STU-1503,Female,Data Science,82.5,87,8,8.5,101,Improving,2.9,72.2,Good,Pass,Normal,Regular Advising / Honors Track
STU-1504,Female,Artificial Intelligence,82.1,83,7,8.6,102,Improving,2.85,68.7,Satisfactory,Pass,Normal,Academic Peer Mentoring
STU-1505,Female,Information Systems,81.9,79,6,8.4,100,Improving,2.84,65.3,Satisfactory,Pass,Normal,Academic Peer Mentoring
STU-1506,Male,Software Engineering,82.1,76,6,8.1,95,Improving,2.85,64.1,Satisfactory,Pass,Normal,Academic Peer Mentoring
STU-1507,Male,Computer Science,82.6,74,5,7.7,89,Improving,2.9,61.9,Satisfactory,Pass,Normal,Academic Peer Mentoring
STU-1508,Male,Data Science,83.4,75,5,7.4,82,Improving,2.96,62.7,Satisfactory,Pass,Normal,Academic Peer Mentoring
STU-1509,Female,Artificial Intelligence,84.5,77,5,7.3,76,Improving,3.04,64.1,Satisfactory,Pass,Normal,Academic Peer Mentoring
STU-1510,Female,Information Systems,85.7,81,5,7.5,74,Improving,3.13,66.4,Satisfactory,Pass,Normal,Academic Peer Mentoring
STU-1511,Female,Software Engineering,87,86,6,8.2,75,Improving,3.21,71,Good,Pass,Normal,Regular Advising / Honors Track
STU-1512,Male,Computer Science,88.2,90,7,9.3,81,Improving,3.27,75.1,Good,Pass,Normal,Regular Advising / Honors Track
STU-1513,Male,Data Science,89.4,95,8,10.9,91,Improving,3.31,79.7,Good,Pass,Normal,Regular Advising / Honors Track
STU-1514,Male,Artificial Intelligence,90.2,98,8,12.8,105,Improving,3.32,81.8,Good,Pass,Normal,Regular Advising / Honors Track
STU-1515,Female,Information Systems,90.7,98,9,14.9,122,Improving,3.31,84.2,Excellent,Pass,Normal,Regular Advising / Honors Track
STU-1516,Female,Software Engineering,90.8,98,9,17.1,142,Improving,3.26,84.7,Excellent,Pass,Normal,Regular Advising / Honors Track
STU-1517,Female,Computer Science,90.3,95,10,19.2,161,Improving,3.2,85.4,Excellent,Pass,Normal,Regular Advising / Honors Track
STU-1518,Male,Data Science,89.3,91,9,20.9,179,Improving,3.12,82.2,Excellent,Pass,Normal,Regular Advising / Honors Track
STU-1519,Male,Artificial Intelligence,87.7,85,9,22.2,194,Improving,3.05,79.6,Good,Pass,Normal,Regular Advising / Honors Track
STU-1520,Male,Information Systems,85.4,80,9,22.9,204,Improving,2.99,77,Good,Pass,Normal,Regular Advising / Honors Track
STU-1521,Female,Software Engineering,82.6,76,8,22.9,209,Improving,2.94,73,Good,Pass,Normal,Regular Advising / Honors Track
STU-1522,Female,Computer Science,79.2,72,8,22.3,207,Stable,2.93,70.5,Good,Pass,Normal,Regular Advising / Honors Track
STU-1523,Female,Data Science,75.4,71,7,21,200,Stable,2.94,67.3,Satisfactory,Pass,Normal,Academic Peer Mentoring
STU-1524,Male,Artificial Intelligence,71.3,71,7,19.2,188,Stable,2.99,66.1,Satisfactory,Pass,Normal,Academic Peer Mentoring
STU-1525,Male,Information Systems,67,72,7,17.1,172,Stable,3.05,65.2,Satisfactory,Pass,Normal,Academic Peer Mentoring
STU-1526,Male,Software Engineering,62.6,74,6,14.9,154,Stable,3.13,63.2,Satisfactory,Pass,Normal,Academic Peer Mentoring
STU-1527,Female,Computer Science,58.2,76,6,12.6,134,Declining,3.22,62.8,Satisfactory,Pass,At-Risk,Mandatory Attendance Counseling
STU-1528,Female,Data Science,54,77,6,10.6,115,Declining,3.3,62.1,Satisfactory,Pass,At-Risk,Mandatory Attendance Counseling
STU-1529,Female,Artificial Intelligence,50.2,78,5,8.9,97,Declining,3.36,59.8,Satisfactory,Pass,At-Risk,Mandatory Attendance Counseling
STU-1530,Male,Information Systems,46.8,76,5,7.7,83,Declining,3.4,58.1,Satisfactory,Pass,At-Risk,Mandatory Attendance Counseling
STU-1531,Male,Software Engineering,43.9,74,5,7,72,Declining,3.41,56.6,Underperforming,Fail,At-Risk,Intensive Academic Recovery
STU-1532,Male,Computer Science,41.7,70,4,6.7,65,Declining,3.39,52.7,Underperforming,Fail,At-Risk,Intensive Academic Recovery
STU-1533,Female,Data Science,40.1,65,4,6.7,62,Declining,3.35,50.2,Underperforming,Fail,At-Risk,Intensive Academic Recovery
STU-1534,Female,Artificial Intelligence,39.1,60,4,7.1,61,Declining,3.28,47.8,Underperforming,Fail,At-Risk,Intensive Academic Recovery
STU-1535,Non-Binary,Information Systems,38.8,56,4,7.5,63,Declining,3.21,45.9,Underperforming,Fail,At-Risk,Intensive Academic Recovery
STU-1536,Male,Software Engineering,39.2,54,5,8,65,Declining,3.13,46.5,Underperforming,Fail,At-Risk,Intensive Academic Recovery
STU-1537,Male,Computer Science,40.1,53,5,8.2,68,Declining,3.07,46.1,Underperforming,Fail,At-Risk,Intensive Academic Recovery
STU-1538,Female,Data Science,41.4,54,6,8.3,70,Declining,3.03,48.1,Underperforming,Fail,At-Risk,Intensive Academic Recovery
STU-1539,Female,Artificial Intelligence,43.2,57,6,8,71,Declining,3.01,49.5,Underperforming,Fail,At-Risk,Intensive Academic Recovery
STU-1540,Female,Information Systems,45.2,62,7,7.5,70,Declining,3.03,53.4,Underperforming,Fail,At-Risk,Intensive Academic Recovery
STU-1541,Non-Binary,Software Engineering,47.3,67,8,6.7,68,Declining,3.07,57.4,Underperforming,Fail,At-Risk,Intensive Academic Recovery
STU-1542,Male,Computer Science,49.5,72,8,5.8,65,Declining,3.14,59.9,Satisfactory,Pass,At-Risk,Mandatory Attendance Counseling
STU-1543,Male,Data Science,51.5,76,8,4.9,63,Declining,3.22,62,Satisfactory,Pass,At-Risk,Mandatory Attendance Counseling
STU-1544,Female,Artificial Intelligence,53.4,79,8,4.2,61,Declining,3.31,63.8,Satisfactory,Pass,At-Risk,Mandatory Attendance Counseling
STU-1545,Female,Information Systems,55,80,8,3.8,60,Declining,3.38,64.7,Satisfactory,Pass,At-Risk,Mandatory Attendance Counseling
STU-1546,Female,Software Engineering,56.3,79,8,3.8,62,Declining,3.45,64.9,Satisfactory,Pass,At-Risk,Mandatory Attendance Counseling
STU-1547,Male,Computer Science,57.3,77,7,4.3,68,Declining,3.49,63.1,Satisfactory,Pass,At-Risk,Mandatory Attendance Counseling
STU-1548,Male,Data Science,57.8,74,6,5.4,76,Declining,3.5,60.9,Satisfactory,Pass,At-Risk,Mandatory Attendance Counseling
STU-1549,Male,Artificial Intelligence,58.1,70,5,7.1,88,Declining,3.48,58.2,Satisfactory,Pass,At-Risk,Mandatory Attendance Counseling
STU-1550,Female,Information Systems,58.1,67,5,9.2,102,Declining,3.43,57.5,Underperforming,Fail,At-Risk,Mandatory Attendance Counseling
STU-1551,Female,Software Engineering,57.8,64,4,11.6,117,Declining,3.36,55.1,Underperforming,Fail,At-Risk,Intensive Academic Recovery
STU-1552,Female,Computer Science,57.4,63,4,14.1,134,Declining,3.29,55.1,Underperforming,Fail,At-Risk,Intensive Academic Recovery
STU-1553,Male,Data Science,57,64,4,16.5,149,Declining,3.21,55.9,Underperforming,Fail,At-Risk,Intensive Academic Recovery
STU-1554,Male,Artificial Intelligence,56.7,66,4,18.7,163,Declining,3.15,57.1,Underperforming,Fail,At-Risk,Intensive Academic Recovery
STU-1555,Male,Information Systems,56.5,70,5,20.5,174,Declining,3.11,60.6,Satisfactory,Pass,At-Risk,Mandatory Attendance Counseling
STU-1556,Female,Software Engineering,56.6,73,6,21.7,181,Declining,3.1,63.8,Satisfactory,Pass,At-Risk,Mandatory Attendance Counseling
STU-1557,Female,Computer Science,57.1,77,6,22.3,183,Declining,3.11,65.8,Satisfactory,Pass,At-Risk,Mandatory Attendance Counseling
STU-1558,Female,Data Science,58,80,7,22.2,182,Declining,3.15,69,Satisfactory,Pass,At-Risk,Mandatory Attendance Counseling
STU-1559,Male,Artificial Intelligence,59.3,82,8,21.5,177,Declining,3.22,71.7,Good,Pass,At-Risk,Mandatory Attendance Counseling
STU-1560,Male,Information Systems,61.2,82,8,20.4,170,Stable,3.3,72.1,Good,Pass,Normal,Regular Advising / Honors Track
STU-1561,Male,Software Engineering,63.6,82,9,18.8,160,Stable,3.39,74.1,Good,Pass,Normal,Regular Advising / Honors Track
STU-1562,Female,Computer Science,66.4,80,9,17.1,150,Stable,3.47,73.7,Good,Pass,Normal,Regular Advising / Honors Track
STU-1563,Female,Data Science,69.7,78,9,15.3,140,Stable,3.53,73.3,Good,Pass,Normal,Regular Advising / Honors Track
STU-1564,Female,Artificial Intelligence,73.3,77,9,13.7,132,Stable,3.57,73.2,Good,Pass,Normal,Regular Advising / Honors Track
STU-1565,Male,Information Systems,77.1,76,8,12.4,125,Stable,3.57,71.5,Good,Pass,Normal,Regular Advising / Honors Track
STU-1566,Male,Software Engineering,81,77,8,11.5,121,Improving,3.55,72.3,Good,Pass,Normal,Regular Advising / Honors Track
STU-1567,Male,Computer Science,85,79,8,10.9,119,Improving,3.51,73.5,Good,Pass,Normal,Regular Advising / Honors Track
STU-1568,Female,Data Science,88.7,83,8,10.6,119,Improving,3.44,75.3,Good,Pass,Normal,Regular Advising / Honors Track
STU-1569,Female,Artificial Intelligence,92.2,88,8,10.7,119,Improving,3.36,77.7,Good,Pass,Normal,Regular Advising / Honors Track
STU-1570,Female,Information Systems,95.3,92,7,10.8,120,Improving,3.29,77.9,Good,Pass,Normal,Regular Advising / Honors Track
STU-1571,Male,Software Engineering,97.8,97,7,11,119,Improving,3.23,80.2,Good,Pass,Normal,Regular Advising / Honors Track
STU-1572,Male,Computer Science,99,98,7,11.1,116,Improving,3.19,80.7,Good,Pass,Normal,Regular Advising / Honors Track
STU-1573,Male,Data Science,99,98,7,10.9,111,Improving,3.17,80.5,Good,Pass,Normal,Regular Advising / Honors Track
STU-1574,Female,Artificial Intelligence,99,98,7,10.4,102,Improving,3.19,80.4,Good,Pass,Normal,Regular Advising / Honors Track
STU-1575,Female,Information Systems,99,98,7,9.6,91,Improving,3.23,80.4,Good,Pass,Normal,Regular Advising / Honors Track
STU-1576,Female,Software Engineering,99,98,7,8.4,77,Improving,3.3,80.3,Good,Pass,Normal,Regular Advising / Honors Track
STU-1577,Male,Computer Science,99,95,7,7,62,Improving,3.38,79,Good,Pass,Normal,Regular Advising / Honors Track
STU-1578,Male,Data Science,97.1,91,7,5.5,46,Improving,3.46,76.9,Good,Pass,Normal,Regular Advising / Honors Track
STU-1579,Male,Artificial Intelligence,94.5,87,7,3.9,32,Improving,3.54,74.7,Good,Pass,Normal,Regular Advising / Honors Track
STU-1580,Female,Information Systems,91.6,84,8,2.6,22,Improving,3.6,74.4,Good,Pass,Normal,Regular Advising / Honors Track
STU-1581,Female,Software Engineering,88.5,82,8,2,18,Improving,3.64,72.9,Good,Pass,Normal,Regular Advising / Honors Track
STU-1582,Non-Binary,Computer Science,85.2,81,8,2,18,Improving,3.65,71.9,Good,Pass,Normal,Regular Advising / Honors Track
STU-1583,Male,Data Science,81.9,82,9,2,19,Improving,3.63,73.2,Good,Pass,Normal,Regular Advising / Honors Track
STU-1584,Male,Artificial Intelligence,78.8,83,9,2.2,29,Stable,3.58,72.7,Good,Pass,Normal,Regular Advising / Honors Track
STU-1585,Male,Information Systems,75.9,85,9,3.6,45,Stable,3.51,73.1,Good,Pass,Normal,Regular Advising / Honors Track
STU-1586,Female,Software Engineering,73.3,87,9,5.5,66,Stable,3.44,73.7,Good,Pass,Normal,Regular Advising / Honors Track
STU-1587,Female,Computer Science,71.1,88,9,7.8,89,Stable,3.36,74,Good,Pass,Normal,Regular Advising / Honors Track
STU-1588,Non-Binary,Data Science,69.3,87,9,10.4,113,Stable,3.3,73.9,Good,Pass,Normal,Regular Advising / Honors Track
STU-1589,Male,Artificial Intelligence,68,86,8,12.9,137,Stable,3.26,72.3,Good,Pass,Normal,Regular Advising / Honors Track
STU-1590,Male,Information Systems,67.1,83,8,15.3,157,Stable,3.24,71.6,Good,Pass,Normal,Regular Advising / Honors Track
STU-1591,Female,Software Engineering,66.5,80,7,17.3,174,Stable,3.26,69.5,Satisfactory,Pass,Normal,Academic Peer Mentoring
STU-1592,Female,Computer Science,66.3,76,6,18.9,185,Stable,3.3,67,Satisfactory,Pass,Normal,Academic Peer Mentoring
STU-1593,Female,Data Science,66.2,73,5,19.8,190,Stable,3.37,64.9,Satisfactory,Pass,Normal,Academic Peer Mentoring
STU-1594,Male,Artificial Intelligence,66.3,71,5,20.2,190,Stable,3.45,64.7,Satisfactory,Pass,Normal,Academic Peer Mentoring
STU-1595,Male,Information Systems,66.5,70,4,20.1,184,Stable,3.53,63.1,Satisfactory,Pass,Normal,Academic Peer Mentoring
STU-1596,Male,Software Engineering,66.5,70,4,19.5,175,Stable,3.61,63.3,Satisfactory,Pass,Normal,Academic Peer Mentoring
STU-1597,Female,Computer Science,66.4,72,5,18.5,163,Stable,3.67,65.6,Satisfactory,Pass,Normal,Academic Peer Mentoring
STU-1598,Female,Data Science,66.1,75,5,17.4,149,Stable,3.71,66.6,Satisfactory,Pass,Normal,Academic Peer Mentoring
STU-1599,Female,Artificial Intelligence,65.4,79,6,16.3,137,Stable,3.72,69.3,Satisfactory,Pass,Normal,Academic Peer Mentoring
STU-1600,Male,Information Systems,64.3,82,7,15.3,127,Stable,3.69,71.4,Good,Pass,Normal,Regular Advising / Honors Track
STU-1601,Male,Software Engineering,62.9,84,7,14.6,120,Stable,3.65,71.5,Good,Pass,Normal,Regular Advising / Honors Track
STU-1602,Male,Computer Science,61,84,8,14.2,117,Stable,3.58,72.2,Good,Pass,Normal,Regular Advising / Honors Track
STU-1603,Female,Data Science,58.7,83,8,14,117,Declining,3.5,70.8,Good,Pass,At-Risk,Mandatory Attendance Counseling
STU-1604,Female,Artificial Intelligence,56.2,80,8,14.2,121,Declining,3.43,68.8,Satisfactory,Pass,At-Risk,Mandatory Attendance Counseling
STU-1605,Female,Information Systems,53.3,76,8,14.5,127,Declining,3.36,66.4,Satisfactory,Pass,At-Risk,Mandatory Attendance Counseling
STU-1606,Male,Software Engineering,50.3,70,8,14.8,134,Declining,3.32,63.3,Satisfactory,Pass,At-Risk,Mandatory Attendance Counseling
STU-1607,Male,Computer Science,47.3,65,7,15,141,Declining,3.31,59.1,Satisfactory,Pass,At-Risk,Mandatory Attendance Counseling
STU-1608,Male,Data Science,44.4,60,7,15,145,Declining,3.32,56.6,Underperforming,Fail,At-Risk,Intensive Academic Recovery
STU-1609,Female,Artificial Intelligence,41.7,56,6,14.7,146,Declining,3.37,53,Underperforming,Fail,At-Risk,Intensive Academic Recovery
STU-1610,Female,Information Systems,39.3,55,6,13.9,143,Declining,3.44,52.2,Underperforming,Fail,At-Risk,Intensive Academic Recovery
STU-1611,Female,Software Engineering,37.3,55,5,12.7,135,Declining,3.52,50.2,Underperforming,Fail,At-Risk,Intensive Academic Recovery
STU-1612,Male,Computer Science,36,57,5,11.1,123,Declining,3.6,50.6,Underperforming,Fail,At-Risk,Intensive Academic Recovery
STU-1613,Male,Data Science,36,60,5,9.1,106,Declining,3.68,51.5,Underperforming,Fail,At-Risk,Intensive Academic Recovery
STU-1614,Male,Artificial Intelligence,36,65,5,7,87,Declining,3.74,53.1,Underperforming,Fail,At-Risk,Intensive Academic Recovery
STU-1615,Female,Information Systems,36,69,5,4.9,67,Declining,3.77,54.1,Underperforming,Fail,At-Risk,Intensive Academic Recovery
STU-1616,Female,Software Engineering,37,72,5,3,48,Declining,3.78,54.9,Underperforming,Fail,At-Risk,Intensive Academic Recovery
STU-1617,Female,Computer Science,39,74,5,2,30,Declining,3.75,55.6,Underperforming,Fail,At-Risk,Intensive Academic Recovery
STU-1618,Male,Data Science,41.6,75,5,2,18,Declining,3.71,56.3,Underperforming,Fail,At-Risk,Intensive Academic Recovery
STU-1619,Male,Artificial Intelligence,44.7,75,5,2,18,Declining,3.64,56.6,Underperforming,Fail,At-Risk,Intensive Academic Recovery
STU-1620,Male,Information Systems,48.3,73,5,2,18,Declining,3.56,56.1,Underperforming,Fail,At-Risk,Intensive Academic Recovery
STU-1621,Female,Software Engineering,52.2,71,5,2,18,Declining,3.49,55.7,Underperforming,Fail,At-Risk,Intensive Academic Recovery
STU-1622,Female,Computer Science,56.2,69,6,2.8,23,Declining,3.42,57.2,Underperforming,Fail,At-Risk,Intensive Academic Recovery
STU-1623,Female,Data Science,60.4,68,6,4.7,39,Stable,3.38,58.1,Satisfactory,Pass,At-Risk,Academic Peer Mentoring
STU-1624,Male,Artificial Intelligence,64.4,68,7,7,58,Stable,3.37,61.3,Satisfactory,Pass,Normal,Academic Peer Mentoring
STU-1625,Male,Information Systems,68.2,70,7,9.3,79,Stable,3.38,63.7,Satisfactory,Pass,Normal,Academic Peer Mentoring
STU-1626,Male,Software Engineering,71.6,73,8,11.5,101,Stable,3.43,68.2,Satisfactory,Pass,Normal,Academic Peer Mentoring
STU-1627,Female,Computer Science,74.7,78,9,13.5,121,Stable,3.49,73.4,Good,Pass,Normal,Regular Advising / Honors Track
STU-1628,Female,Data Science,77.3,83,9,15.1,138,Stable,3.58,77,Good,Pass,Normal,Regular Advising / Honors Track
STU-1629,Female,Artificial Intelligence,79.3,89,10,16.2,152,Stable,3.66,82.2,Excellent,Pass,Normal,Regular Advising / Honors Track
STU-1630,Male,Information Systems,80.9,93,10,16.8,161,Improving,3.74,84.7,Excellent,Pass,Normal,Regular Advising / Honors Track
STU-1631,Male,Software Engineering,81.9,96,10,17,166,Improving,3.8,86.5,Excellent,Pass,Normal,Regular Advising / Honors Track
STU-1632,Male,Computer Science,82.4,98,9,16.8,168,Improving,3.83,85.9,Excellent,Pass,Normal,Regular Advising / Honors Track
STU-1633,Female,Data Science,82.6,97,9,16.3,166,Improving,3.83,85.3,Excellent,Pass,Normal,Regular Advising / Honors Track
STU-1634,Female,Artificial Intelligence,82.4,94,8,15.8,161,Improving,3.81,82.2,Excellent,Pass,Normal,Regular Advising / Honors Track
STU-1635,Non-Binary,Information Systems,81.9,90,7,15.3,156,Improving,3.76,78.5,Good,Pass,Normal,Regular Advising / Honors Track
STU-1636,Male,Software Engineering,81.4,86,6,15,151,Improving,3.69,74.7,Good,Pass,Normal,Regular Advising / Honors Track
STU-1637,Male,Computer Science,80.8,81,6,14.9,148,Improving,3.61,72.1,Good,Pass,Normal,Regular Advising / Honors Track
STU-1638,Female,Data Science,80.3,78,5,15.1,145,Improving,3.54,69,Satisfactory,Pass,Normal,Academic Peer Mentoring
STU-1639,Female,Artificial Intelligence,79.9,76,5,15.6,145,Stable,3.48,67.9,Satisfactory,Pass,Normal,Academic Peer Mentoring
STU-1640,Female,Information Systems,79.9,76,5,16.3,146,Stable,3.44,68,Satisfactory,Pass,Normal,Academic Peer Mentoring
STU-1641,Non-Binary,Software Engineering,80.1,78,5,17.1,148,Improving,3.42,69,Satisfactory,Pass,Normal,Academic Peer Mentoring
STU-1642,Male,Computer Science,80.6,82,6,17.9,151,Improving,3.44,72.7,Good,Pass,Normal,Regular Advising / Honors Track
STU-1643,Male,Data Science,81.5,86,7,18.5,153,Improving,3.48,76.5,Good,Pass,Normal,Regular Advising / Honors Track
STU-1644,Female,Artificial Intelligence,82.8,91,8,18.7,154,Improving,3.55,80.8,Good,Pass,Normal,Regular Advising / Honors Track
STU-1645,Female,Information Systems,84.3,95,9,18.5,152,Improving,3.63,84.6,Excellent,Pass,Normal,Regular Advising / Honors Track
STU-1646,Female,Software Engineering,86,98,9,17.8,147,Improving,3.71,86.3,Excellent,Pass,Normal,Regular Advising / Honors Track
STU-1647,Male,Computer Science,87.8,98,10,16.5,139,Improving,3.79,88.2,Excellent,Pass,Normal,Regular Advising / Honors Track
STU-1648,Male,Data Science,89.7,98,10,14.7,128,Improving,3.85,88.3,Excellent,Pass,Normal,Regular Advising / Honors Track
STU-1649,Male,Artificial Intelligence,91.4,98,10,12.6,114,Improving,3.88,88.1,Excellent,Pass,Normal,Regular Advising / Honors Track
STU-1650,Female,Information Systems,93,95,10,10.1,99,Improving,3.88,86.3,Excellent,Pass,Normal,Regular Advising / Honors Track
STU-1651,Female,Software Engineering,94.2,92,10,7.6,83,Improving,3.86,84.4,Excellent,Pass,Normal,Regular Advising / Honors Track
STU-1652,Female,Computer Science,95,89,9,5.3,68,Improving,3.81,80.7,Good,Pass,Normal,Regular Advising / Honors Track
STU-1653,Male,Data Science,95.3,86,9,3.3,55,Improving,3.74,78.5,Good,Pass,Normal,Regular Advising / Honors Track
STU-1654,Male,Artificial Intelligence,95,85,8,2,45,Improving,3.66,75.5,Good,Pass,Normal,Regular Advising / Honors Track
STU-1655,Male,Information Systems,94.1,85,8,2,38,Improving,3.59,75,Good,Pass,Normal,Regular Advising / Honors Track
STU-1656,Female,Software Engineering,92.5,86,7,2,35,Improving,3.52,73.1,Good,Pass,Normal,Regular Advising / Honors Track
STU-1657,Female,Computer Science,90.3,88,7,2,37,Improving,3.48,73.3,Good,Pass,Normal,Regular Advising / Honors Track
STU-1658,Female,Data Science,87.4,91,7,2,42,Improving,3.47,73.8,Good,Pass,Normal,Regular Advising / Honors Track
STU-1659,Male,Artificial Intelligence,84.1,93,7,3.1,50,Improving,3.49,74.5,Good,Pass,Normal,Regular Advising / Honors Track
STU-1660,Male,Information Systems,80.2,93,6,4.8,59,Improving,3.53,72.9,Good,Pass,Normal,Regular Advising / Honors Track
STU-1661,Male,Software Engineering,76.1,93,6,6.7,70,Stable,3.6,73.1,Good,Pass,Normal,Regular Advising / Honors Track
STU-1662,Female,Computer Science,71.7,91,6,8.5,80,Stable,3.68,72.5,Good,Pass,Normal,Regular Advising / Honors Track
STU-1663,Female,Data Science,67.3,87,6,10.1,89,Stable,3.76,70.9,Good,Pass,Normal,Regular Advising / Honors Track
STU-1664,Female,Artificial Intelligence,62.9,82,6,11.4,97,Stable,3.84,68.9,Satisfactory,Pass,Normal,Academic Peer Mentoring
STU-1665,Male,Information Systems,58.7,76,6,12.3,102,Declining,3.89,66.3,Satisfactory,Pass,At-Risk,Mandatory Attendance Counseling
STU-1666,Male,Software Engineering,54.8,71,6,12.9,106,Declining,3.93,63.9,Satisfactory,Pass,At-Risk,Mandatory Attendance Counseling
STU-1667,Male,Computer Science,51.4,66,6,13,107,Declining,3.93,61.3,Satisfactory,Pass,At-Risk,Mandatory Attendance Counseling
STU-1668,Female,Data Science,48.4,63,6,13,108,Declining,3.9,59.3,Satisfactory,Pass,At-Risk,Mandatory Attendance Counseling
STU-1669,Female,Artificial Intelligence,46.1,61,7,12.8,110,Declining,3.85,59.3,Satisfactory,Pass,At-Risk,Mandatory Attendance Counseling
STU-1670,Female,Information Systems,44.4,61,7,12.6,112,Declining,3.78,58.5,Satisfactory,Pass,At-Risk,Mandatory Attendance Counseling
STU-1671,Male,Software Engineering,43.3,63,7,12.5,116,Declining,3.7,58.7,Satisfactory,Pass,At-Risk,Mandatory Attendance Counseling
STU-1672,Male,Computer Science,42.8,66,8,12.7,122,Declining,3.63,61.1,Satisfactory,Pass,At-Risk,Mandatory Attendance Counseling
STU-1673,Male,Data Science,42.9,70,8,13.2,131,Declining,3.57,62.6,Satisfactory,Pass,At-Risk,Mandatory Attendance Counseling
STU-1674,Female,Artificial Intelligence,43.5,73,8,14.1,141,Declining,3.53,64,Satisfactory,Pass,At-Risk,Mandatory Attendance Counseling
STU-1675,Female,Information Systems,44.5,75,8,15.2,154,Declining,3.51,65.3,Satisfactory,Pass,At-Risk,Mandatory Attendance Counseling
STU-1676,Female,Software Engineering,45.8,77,7,16.6,167,Declining,3.53,65.3,Satisfactory,Pass,At-Risk,Mandatory Attendance Counseling
STU-1677,Male,Computer Science,47.3,77,7,18,180,Declining,3.57,66.3,Satisfactory,Pass,At-Risk,Mandatory Attendance Counseling
STU-1678,Male,Data Science,48.9,75,6,19.4,191,Declining,3.64,65.1,Satisfactory,Pass,At-Risk,Mandatory Attendance Counseling
STU-1679,Male,Artificial Intelligence,50.4,73,5,20.5,198,Declining,3.72,63.8,Satisfactory,Pass,At-Risk,Mandatory Attendance Counseling
STU-1680,Female,Information Systems,51.8,70,5,21.3,201,Declining,3.8,63.6,Satisfactory,Pass,At-Risk,Mandatory Attendance Counseling
STU-1681,Female,Software Engineering,53,68,4,21.5,199,Declining,3.88,61.9,Satisfactory,Pass,At-Risk,Mandatory Attendance Counseling
STU-1682,Non-Binary,Computer Science,53.9,66,4,21.1,191,Declining,3.93,61.4,Satisfactory,Pass,At-Risk,Mandatory Attendance Counseling
STU-1683,Male,Data Science,54.5,66,4,20,178,Declining,3.97,61.3,Satisfactory,Pass,At-Risk,Mandatory Attendance Counseling
STU-1684,Male,Artificial Intelligence,54.8,67,4,18.4,160,Declining,3.97,61.2,Satisfactory,Pass,At-Risk,Mandatory Attendance Counseling
STU-1685,Male,Information Systems,54.7,69,5,16.3,139,Declining,3.94,62.7,Satisfactory,Pass,At-Risk,Mandatory Attendance Counseling
STU-1686,Female,Software Engineering,54.3,71,5,13.9,116,Declining,3.89,62.4,Satisfactory,Pass,At-Risk,Mandatory Attendance Counseling
STU-1687,Female,Computer Science,53.8,75,6,11.3,93,Declining,3.82,64.2,Satisfactory,Pass,At-Risk,Mandatory Attendance Counseling
STU-1688,Non-Binary,Data Science,53,77,7,8.8,72,Declining,3.74,65.1,Satisfactory,Pass,At-Risk,Mandatory Attendance Counseling
STU-1689,Male,Artificial Intelligence,52.2,79,8,6.5,54,Declining,3.67,66.2,Satisfactory,Pass,At-Risk,Mandatory Attendance Counseling
STU-1690,Male,Information Systems,51.5,80,8,4.6,41,Declining,3.6,65.4,Satisfactory,Pass,At-Risk,Mandatory Attendance Counseling
STU-1691,Female,Software Engineering,50.9,79,8,3.2,33,Declining,3.56,64.2,Satisfactory,Pass,At-Risk,Mandatory Attendance Counseling
STU-1692,Female,Computer Science,50.5,77,8,2.5,30,Declining,3.55,63,Satisfactory,Pass,At-Risk,Mandatory Attendance Counseling
STU-1693,Female,Data Science,50.6,74,8,2.3,34,Declining,3.57,61.9,Satisfactory,Pass,At-Risk,Mandatory Attendance Counseling
STU-1694,Male,Artificial Intelligence,51,71,8,2.7,41,Declining,3.61,61.1,Satisfactory,Pass,At-Risk,Mandatory Attendance Counseling
STU-1695,Male,Information Systems,52,68,8,3.5,52,Declining,3.68,60.8,Satisfactory,Pass,At-Risk,Mandatory Attendance Counseling
STU-1696,Male,Software Engineering,53.5,66,7,4.6,65,Declining,3.76,59.5,Satisfactory,Pass,At-Risk,Mandatory Attendance Counseling
STU-1697,Female,Computer Science,55.6,66,7,5.8,78,Declining,3.84,60.7,Satisfactory,Pass,At-Risk,Mandatory Attendance Counseling
STU-1698,Female,Data Science,58.2,68,6,7,89,Declining,3.91,61.2,Satisfactory,Pass,At-Risk,Mandatory Attendance Counseling
STU-1699,Female,Artificial Intelligence,61.3,71,6,8.1,98,Stable,3.97,63.7,Satisfactory,Pass,Normal,Academic Peer Mentoring
STU-1700,Male,Information Systems,64.9,76,6,8.8,103,Stable,4,66.9,Satisfactory,Pass,Normal,Academic Peer Mentoring
STU-1701,Male,Software Engineering,68.8,81,6,9.3,105,Stable,4,69.8,Satisfactory,Pass,Normal,Academic Peer Mentoring
STU-1702,Male,Computer Science,72.9,87,6,9.4,103,Stable,3.98,73,Good,Pass,Normal,Regular Advising / Honors Track
STU-1703,Female,Data Science,77.2,92,6,9.3,98,Stable,3.92,75.5,Good,Pass,Normal,Regular Advising / Honors Track
STU-1704,Female,Artificial Intelligence,81.4,96,7,9,91,Improving,3.85,79.1,Good,Pass,Normal,Regular Advising / Honors Track
STU-1705,Female,Information Systems,85.4,98,7,8.8,84,Improving,3.77,80.2,Good,Pass,Normal,Regular Advising / Honors Track
STU-1706,Male,Software Engineering,89.2,98,7,8.6,78,Improving,3.7,80.5,Good,Pass,Normal,Regular Advising / Honors Track
STU-1707,Male,Computer Science,92.5,98,7,8.7,76,Improving,3.64,80.9,Good,Pass,Normal,Regular Advising / Honors Track
STU-1708,Male,Data Science,95.3,96,8,9.2,77,Improving,3.59,82.1,Excellent,Pass,Normal,Regular Advising / Honors Track
STU-1709,Female,Artificial Intelligence,97.5,94,8,10,82,Improving,3.58,82,Excellent,Pass,Normal,Regular Advising / Honors Track
STU-1710,Female,Information Systems,99,91,8,11.3,93,Improving,3.6,81.7,Good,Pass,Normal,Regular Advising / Honors Track
STU-1711,Female,Software Engineering,99,89,9,13,108,Improving,3.64,83.3,Excellent,Pass,Normal,Regular Advising / Honors Track
STU-1712,Male,Computer Science,99,88,9,14.9,126,Improving,3.71,83.9,Excellent,Pass,Normal,Regular Advising / Honors Track
STU-1713,Male,Data Science,99,89,9,16.9,146,Improving,3.79,85.4,Excellent,Pass,Normal,Regular Advising / Honors Track
STU-1714,Male,Artificial Intelligence,98.3,90,10,18.9,166,Improving,3.87,88.4,Excellent,Pass,Normal,Regular Advising / Honors Track
STU-1715,Female,Information Systems,96.6,93,10,20.6,185,Improving,3.95,90.3,Excellent,Pass,Normal,Regular Advising / Honors Track
STU-1716,Female,Software Engineering,94.5,96,10,21.9,201,Improving,4,91.8,Excellent,Pass,Normal,Regular Advising / Honors Track
STU-1717,Female,Computer Science,92,98,10,22.7,211,Improving,4,92.3,Excellent,Pass,Normal,Regular Advising / Honors Track
STU-1718,Male,Data Science,89.4,98,10,22.8,215,Improving,4,91.9,Excellent,Pass,Normal,Regular Advising / Honors Track
STU-1719,Male,Artificial Intelligence,86.6,98,10,22.3,213,Improving,4,91.1,Excellent,Pass,Normal,Regular Advising / Honors Track
STU-1720,Male,Information Systems,83.9,98,9,21.1,205,Improving,3.95,88.3,Excellent,Pass,Normal,Regular Advising / Honors Track
STU-1721,Female,Software Engineering,81.4,96,8,19.4,191,Improving,3.88,84.4,Excellent,Pass,Normal,Regular Advising / Honors Track
STU-1722,Female,Computer Science,79.1,91,7,17.2,172,Stable,3.8,79.2,Good,Pass,Normal,Regular Advising / Honors Track
STU-1723,Female,Data Science,77.1,86,6,14.9,150,Stable,3.73,74,Good,Pass,Normal,Regular Advising / Honors Track
STU-1724,Male,Artificial Intelligence,75.4,81,6,12.5,126,Stable,3.66,70.5,Good,Pass,Normal,Regular Advising / Honors Track
STU-1725,Male,Information Systems,74.2,77,5,10.3,104,Stable,3.62,66.1,Satisfactory,Pass,Normal,Academic Peer Mentoring
STU-1726,Male,Software Engineering,73.3,74,5,8.4,84,Stable,3.61,64,Satisfactory,Pass,Normal,Academic Peer Mentoring
STU-1727,Female,Computer Science,72.8,73,5,6.9,67,Stable,3.63,63.1,Satisfactory,Pass,Normal,Academic Peer Mentoring
STU-1728,Female,Data Science,72.6,74,5,5.9,55,Stable,3.67,63.3,Satisfactory,Pass,Normal,Academic Peer Mentoring
STU-1729,Female,Artificial Intelligence,72.6,77,6,5.5,48,Stable,3.74,66.3,Satisfactory,Pass,Normal,Academic Peer Mentoring
STU-1730,Male,Information Systems,72.7,81,7,5.5,46,Stable,3.82,69.9,Satisfactory,Pass,Normal,Academic Peer Mentoring
STU-1731,Male,Software Engineering,72.9,86,7,5.8,48,Stable,3.9,72.5,Good,Pass,Normal,Regular Advising / Honors Track
STU-1732,Male,Computer Science,73,90,8,6.4,52,Stable,3.98,76.3,Good,Pass,Normal,Regular Advising / Honors Track
STU-1733,Female,Data Science,73,93,9,7,59,Stable,4,79.5,Good,Pass,Normal,Regular Advising / Honors Track
STU-1734,Female,Artificial Intelligence,72.7,94,10,7.5,67,Stable,4,81.6,Good,Pass,Normal,Regular Advising / Honors Track
STU-1735,Non-Binary,Information Systems,72.1,93,10,7.9,73,Stable,4,81.2,Good,Pass,Normal,Regular Advising / Honors Track
STU-1736,Male,Software Engineering,71,91,10,8,79,Stable,4,80.2,Good,Pass,Normal,Regular Advising / Honors Track
STU-1737,Male,Computer Science,69.5,86,9,7.8,82,Stable,3.98,76.1,Good,Pass,Normal,Regular Advising / Honors Track
STU-1738,Female,Data Science,67.6,81,9,7.4,82,Stable,3.9,73.2,Good,Pass,Normal,Regular Advising / Honors Track
STU-1739,Female,Artificial Intelligence,65.2,76,8,6.7,81,Stable,3.83,68.5,Satisfactory,Pass,Normal,Academic Peer Mentoring
STU-1740,Female,Information Systems,62.4,71,7,6,78,Stable,3.75,63.7,Satisfactory,Pass,Normal,Academic Peer Mentoring
STU-1741,Non-Binary,Software Engineering,59.3,67,6,5.3,75,Declining,3.69,59.3,Satisfactory,Pass,At-Risk,Mandatory Attendance Counseling
STU-1742,Male,Computer Science,56,65,6,4.9,72,Declining,3.65,57.5,Underperforming,Fail,At-Risk,Intensive Academic Recovery
STU-1743,Male,Data Science,52.5,64,5,4.8,71,Declining,3.64,54.7,Underperforming,Fail,At-Risk,Intensive Academic Recovery
STU-1744,Female,Artificial Intelligence,48.9,66,5,5.2,73,Declining,3.65,55,Underperforming,Fail,At-Risk,Intensive Academic Recovery
STU-1745,Female,Information Systems,45.5,68,5,6.2,77,Declining,3.7,55.7,Underperforming,Fail,At-Risk,Intensive Academic Recovery
STU-1746,Female,Software Engineering,42.4,70,5,7.6,85,Declining,3.77,56.7,Underperforming,Fail,At-Risk,Intensive Academic Recovery
STU-1747,Male,Computer Science,39.6,73,5,9.5,96,Declining,3.85,58.5,Satisfactory,Pass,At-Risk,Mandatory Attendance Counseling
STU-1748,Male,Data Science,37.3,74,5,11.7,110,Declining,3.93,59.6,Satisfactory,Pass,At-Risk,Mandatory Attendance Counseling
STU-1749,Male,Artificial Intelligence,36,74,5,14.1,125,Declining,4,60.5,Satisfactory,Pass,At-Risk,Mandatory Attendance Counseling
STU-1750,Female,Information Systems,36,73,5,16.6,141,Declining,4,61,Satisfactory,Pass,At-Risk,Mandatory Attendance Counseling
STU-1751,Female,Software Engineering,36,70,5,18.8,156,Declining,4,60.6,Satisfactory,Pass,At-Risk,Mandatory Attendance Counseling
STU-1752,Female,Computer Science,36,67,5,20.6,170,Declining,4,60,Satisfactory,Pass,At-Risk,Mandatory Attendance Counseling
STU-1753,Male,Data Science,36,64,6,21.9,180,Declining,4,60.9,Satisfactory,Pass,At-Risk,Mandatory Attendance Counseling
STU-1754,Male,Artificial Intelligence,37.1,61,6,22.6,186,Declining,4,60.1,Satisfactory,Pass,At-Risk,Mandatory Attendance Counseling
STU-1755,Male,Information Systems,39.4,59,6,22.7,189,Declining,3.93,59.5,Satisfactory,Pass,At-Risk,Mandatory Attendance Counseling
STU-1756,Female,Software Engineering,42.3,59,7,22,187,Declining,3.85,61,Satisfactory,Pass,At-Risk,Mandatory Attendance Counseling
STU-1757,Female,Computer Science,45.5,61,7,20.9,181,Declining,3.77,61.6,Satisfactory,Pass,At-Risk,Mandatory Attendance Counseling
STU-1758,Female,Data Science,49.1,64,7,19.3,172,Declining,3.71,62.7,Satisfactory,Pass,At-Risk,Mandatory Attendance Counseling
STU-1759,Male,Artificial Intelligence,52.8,69,8,17.4,162,Declining,3.67,66.1,Satisfactory,Pass,At-Risk,Mandatory Attendance Counseling
STU-1760,Male,Information Systems,56.5,75,8,15.4,150,Declining,3.66,68.5,Satisfactory,Pass,At-Risk,Mandatory Attendance Counseling
STU-1761,Male,Software Engineering,60.2,80,8,13.6,139,Stable,3.68,70.7,Good,Pass,Normal,Regular Advising / Honors Track
STU-1762,Female,Computer Science,63.6,85,8,12,128,Stable,3.72,73.1,Good,Pass,Normal,Regular Advising / Honors Track
STU-1763,Female,Data Science,66.7,89,8,10.7,119,Stable,3.79,75.2,Good,Pass,Normal,Regular Advising / Honors Track
STU-1764,Female,Artificial Intelligence,69.4,91,8,9.9,113,Stable,3.87,76.7,Good,Pass,Normal,Regular Advising / Honors Track
STU-1765,Male,Information Systems,71.7,91,7,9.4,108,Stable,3.95,75.8,Good,Pass,Normal,Regular Advising / Honors Track
STU-1766,Male,Software Engineering,73.5,89,7,9.3,105,Stable,4,75.6,Good,Pass,Normal,Regular Advising / Honors Track
STU-1767,Male,Computer Science,74.8,87,6,9.4,102,Stable,4,73.5,Good,Pass,Normal,Regular Advising / Honors Track
STU-1768,Female,Data Science,75.7,84,6,9.6,100,Stable,4,72.5,Good,Pass,Normal,Regular Advising / Honors Track
STU-1769,Female,Artificial Intelligence,76.2,81,5,9.9,98,Stable,4,69.9,Satisfactory,Pass,Normal,Academic Peer Mentoring
STU-1770,Female,Information Systems,76.3,78,5,9.9,93,Stable,4,68.7,Satisfactory,Pass,Normal,Academic Peer Mentoring
STU-1771,Male,Software Engineering,76.2,78,5,9.7,87,Stable,4,68.6,Satisfactory,Pass,Normal,Academic Peer Mentoring
STU-1772,Male,Computer Science,76,78,6,9.2,80,Stable,3.94,69.7,Satisfactory,Pass,Normal,Academic Peer Mentoring
STU-1773,Male,Data Science,75.7,80,6,8.4,70,Stable,3.86,69.8,Satisfactory,Pass,Normal,Academic Peer Mentoring
STU-1774,Female,Artificial Intelligence,75.5,83,7,7.2,60,Stable,3.79,71.7,Good,Pass,Normal,Regular Advising / Honors Track
STU-1775,Female,Information Systems,75.4,86,8,5.9,49,Stable,3.73,73.7,Good,Pass,Normal,Regular Advising / Honors Track
STU-1776,Female,Software Engineering,75.6,90,9,4.6,39,Stable,3.69,76.3,Good,Pass,Normal,Regular Advising / Honors Track
STU-1777,Male,Computer Science,76.1,92,9,3.4,32,Stable,3.68,76.7,Good,Pass,Normal,Regular Advising / Honors Track
STU-1778,Male,Data Science,77,94,10,2.5,27,Stable,3.69,79.1,Good,Pass,Normal,Regular Advising / Honors Track
STU-1779,Male,Artificial Intelligence,78.2,94,10,2,28,Stable,3.74,79.4,Good,Pass,Normal,Regular Advising / Honors Track
STU-1780,Female,Information Systems,79.8,93,10,2,32,Stable,3.81,79.7,Good,Pass,Normal,Regular Advising / Honors Track
STU-1781,Female,Software Engineering,81.7,91,10,2.6,42,Improving,3.89,79.9,Good,Pass,Normal,Regular Advising / Honors Track
STU-1782,Non-Binary,Computer Science,83.8,89,9,3.9,57,Improving,3.97,78.8,Good,Pass,Normal,Regular Advising / Honors Track
STU-1783,Male,Data Science,86.2,87,9,5.7,75,Improving,4,79.2,Good,Pass,Normal,Regular Advising / Honors Track
STU-1784,Male,Artificial Intelligence,88.6,86,8,8,96,Improving,4,78.5,Good,Pass,Normal,Regular Advising / Honors Track
STU-1785,Male,Information Systems,91.1,86,8,10.5,118,Improving,4,79.9,Good,Pass,Normal,Regular Advising / Honors Track
STU-1786,Female,Software Engineering,93.3,87,7,13.1,139,Improving,4,80,Good,Pass,Normal,Regular Advising / Honors Track
STU-1787,Female,Computer Science,95.4,90,7,15.5,158,Improving,4,82.5,Excellent,Pass,Normal,Regular Advising / Honors Track
STU-1788,Non-Binary,Data Science,97,93,7,17.7,173,Improving,4,84.8,Excellent,Pass,Normal,Regular Advising / Honors Track
STU-1789,Male,Artificial Intelligence,98.1,97,7,19.4,183,Improving,3.96,87,Excellent,Pass,Normal,Regular Advising / Honors Track
STU-1790,Male,Information Systems,98.7,98,7,20.5,188,Improving,3.88,87.5,Excellent,Pass,Normal,Regular Advising / Honors Track
STU-1791,Female,Software Engineering,98.6,98,7,21.1,188,Improving,3.8,87.3,Excellent,Pass,Normal,Regular Advising / Honors Track
STU-1792,Female,Computer Science,97.9,98,8,21,183,Improving,3.74,88.4,Excellent,Pass,Normal,Regular Advising / Honors Track
STU-1793,Female,Data Science,96.4,98,8,20.4,174,Improving,3.7,87.7,Excellent,Pass,Normal,Regular Advising / Honors Track
STU-1794,Male,Artificial Intelligence,94.3,98,8,19.4,162,Improving,3.69,86.8,Excellent,Pass,Normal,Regular Advising / Honors Track
STU-1795,Male,Information Systems,91.6,98,8,18.1,150,Improving,3.71,85.9,Excellent,Pass,Normal,Regular Advising / Honors Track
STU-1796,Male,Software Engineering,88.3,93,8,16.8,138,Improving,3.76,83.1,Excellent,Pass,Normal,Regular Advising / Honors Track
STU-1797,Female,Computer Science,84.6,87,8,15.5,128,Improving,3.82,79.8,Good,Pass,Normal,Regular Advising / Honors Track
STU-1798,Female,Data Science,80.6,82,8,14.4,121,Improving,3.9,77,Good,Pass,Normal,Regular Advising / Honors Track
STU-1799,Female,Artificial Intelligence,76.3,78,8,13.7,117,Stable,3.98,74.8,Good,Pass,Normal,Regular Advising / Honors Track
STU-1800,Male,Information Systems,71.9,76,8,13.2,117,Stable,4,73,Good,Pass,Normal,Regular Advising / Honors Track
STU-1801,Male,Software Engineering,67.7,74,8,13.1,120,Stable,4,71.3,Good,Pass,Normal,Regular Advising / Honors Track
STU-1802,Male,Computer Science,63.6,75,8,13.2,126,Stable,4,70.9,Good,Pass,Normal,Regular Advising / Honors Track
STU-1803,Female,Data Science,59.8,76,8,13.4,132,Declining,4,70.7,Good,Pass,At-Risk,Mandatory Attendance Counseling
STU-1804,Female,Artificial Intelligence,56.5,78,8,13.6,138,Declining,4,70.9,Good,Pass,At-Risk,Mandatory Attendance Counseling
STU-1805,Female,Information Systems,53.6,80,8,13.7,142,Declining,4,71.1,Good,Pass,At-Risk,Mandatory Attendance Counseling
STU-1806,Male,Software Engineering,51.3,81,8,13.5,142,Declining,3.97,70.8,Good,Pass,At-Risk,Mandatory Attendance Counseling
STU-1807,Male,Computer Science,49.6,81,7,13,139,Declining,3.89,68.3,Satisfactory,Pass,At-Risk,Mandatory Attendance Counseling
STU-1808,Male,Data Science,48.4,79,7,12.1,130,Declining,3.81,66.5,Satisfactory,Pass,At-Risk,Mandatory Attendance Counseling
STU-1809,Female,Artificial Intelligence,47.8,77,6,10.7,118,Declining,3.75,63.2,Satisfactory,Pass,At-Risk,Mandatory Attendance Counseling
STU-1810,Female,Information Systems,47.8,74,5,9.1,101,Declining,3.71,59.6,Satisfactory,Pass,At-Risk,Mandatory Attendance Counseling
STU-1811,Female,Software Engineering,48.1,70,5,7.2,81,Declining,3.7,57.4,Underperforming,Fail,At-Risk,Intensive Academic Recovery
STU-1812,Male,Computer Science,48.8,67,4,5.2,61,Declining,3.72,54.1,Underperforming,Fail,At-Risk,Intensive Academic Recovery
STU-1813,Male,Data Science,49.7,64,4,3.4,41,Declining,3.77,52.7,Underperforming,Fail,At-Risk,Intensive Academic Recovery
STU-1814,Male,Artificial Intelligence,50.7,63,4,2,24,Declining,3.84,52.4,Underperforming,Fail,At-Risk,Intensive Academic Recovery
STU-1815,Female,Information Systems,51.7,64,4,2,18,Declining,3.92,53.4,Underperforming,Fail,At-Risk,Intensive Academic Recovery
STU-1816,Female,Software Engineering,52.6,67,5,2,18,Declining,4,56.8,Underperforming,Fail,At-Risk,Intensive Academic Recovery
STU-1817,Female,Computer Science,53.4,70,6,2,18,Declining,4,59.8,Satisfactory,Pass,At-Risk,Mandatory Attendance Counseling
STU-1818,Male,Data Science,53.9,75,7,2,18,Declining,4,63.5,Satisfactory,Pass,At-Risk,Mandatory Attendance Counseling
STU-1819,Male,Artificial Intelligence,54.1,79,7,2.7,23,Declining,4,65.4,Satisfactory,Pass,At-Risk,Mandatory Attendance Counseling
STU-1820,Male,Information Systems,54,82,8,4.6,41,Declining,4,68.8,Satisfactory,Pass,At-Risk,Mandatory Attendance Counseling
STU-1821,Female,Software Engineering,53.5,84,9,6.9,63,Declining,4,71.9,Good,Pass,At-Risk,Mandatory Attendance Counseling
STU-1822,Female,Computer Science,52.7,84,9,9.4,87,Declining,4,72.6,Good,Pass,At-Risk,Mandatory Attendance Counseling
STU-1823,Female,Data Science,51.7,82,9,11.8,111,Declining,3.98,72.4,Good,Pass,At-Risk,Mandatory Attendance Counseling
STU-1824,Male,Artificial Intelligence,50.5,78,9,13.9,133,Declining,3.9,70.8,Good,Pass,At-Risk,Mandatory Attendance Counseling
STU-1825,Male,Information Systems,49.2,74,8,15.7,153,Declining,3.83,67.7,Satisfactory,Pass,At-Risk,Mandatory Attendance Counseling
STU-1826,Male,Software Engineering,47.9,69,7,17.1,167,Declining,3.76,63.9,Satisfactory,Pass,At-Risk,Mandatory Attendance Counseling
STU-1827,Female,Computer Science,46.8,64,7,17.9,177,Declining,3.73,61.8,Satisfactory,Pass,At-Risk,Mandatory Attendance Counseling
STU-1828,Female,Data Science,45.9,61,6,18.2,181,Declining,3.72,58.9,Satisfactory,Pass,At-Risk,Mandatory Attendance Counseling
STU-1829,Female,Artificial Intelligence,45.3,60,5,18,180,Declining,3.74,56.8,Underperforming,Fail,At-Risk,Intensive Academic Recovery
STU-1830,Male,Information Systems,45.2,60,5,17.5,175,Declining,3.78,56.8,Underperforming,Fail,At-Risk,Intensive Academic Recovery
STU-1831,Male,Software Engineering,45.5,63,4,16.9,167,Declining,3.85,56.6,Underperforming,Fail,At-Risk,Intensive Academic Recovery
STU-1832,Male,Computer Science,46.5,67,4,16.1,158,Declining,3.93,58.6,Satisfactory,Pass,At-Risk,Mandatory Attendance Counseling
STU-1833,Female,Data Science,48,72,5,15.5,149,Declining,4,62.6,Satisfactory,Pass,At-Risk,Mandatory Attendance Counseling
STU-1834,Female,Artificial Intelligence,50.2,78,5,15.1,141,Declining,4,65.3,Satisfactory,Pass,At-Risk,Mandatory Attendance Counseling
STU-1835,Non-Binary,Information Systems,52.9,82,5,15,135,Declining,4,67.4,Satisfactory,Pass,At-Risk,Mandatory Attendance Counseling
STU-1836,Male,Software Engineering,56.2,86,6,15.1,132,Declining,4,71.3,Good,Pass,At-Risk,Mandatory Attendance Counseling
STU-1837,Male,Computer Science,59.9,88,7,15.6,132,Declining,4,74.6,Good,Pass,At-Risk,Mandatory Attendance Counseling
STU-1838,Female,Data Science,64,88,7,16.1,134,Stable,4,75.6,Good,Pass,Normal,Regular Advising / Honors Track
STU-1839,Female,Artificial Intelligence,68.3,87,7,16.8,138,Stable,4,76.3,Good,Pass,Normal,Regular Advising / Honors Track
STU-1840,Female,Information Systems,72.7,85,8,17.3,142,Stable,3.99,78.1,Good,Pass,Normal,Regular Advising / Honors Track
STU-1841,Non-Binary,Software Engineering,77.1,83,8,17.6,145,Stable,3.91,77.9,Good,Pass,Normal,Regular Advising / Honors Track
STU-1842,Male,Computer Science,81.3,82,8,17.5,147,Improving,3.83,77.9,Good,Pass,Normal,Regular Advising / Honors Track
STU-1843,Male,Data Science,85.2,81,9,16.9,146,Improving,3.77,79.4,Good,Pass,Normal,Regular Advising / Honors Track
STU-1844,Female,Artificial Intelligence,88.7,82,9,15.8,141,Improving,3.74,79.9,Good,Pass,Normal,Regular Advising / Honors Track
STU-1845,Female,Information Systems,91.7,85,9,14.3,133,Improving,3.73,81.1,Good,Pass,Normal,Regular Advising / Honors Track
STU-1846,Female,Software Engineering,94,89,10,12.3,122,Improving,3.75,84.2,Excellent,Pass,Normal,Regular Advising / Honors Track
STU-1847,Male,Computer Science,95.7,93,10,10,107,Improving,3.79,85.5,Excellent,Pass,Normal,Regular Advising / Honors Track
STU-1848,Male,Data Science,96.8,98,10,7.6,91,Improving,3.86,87.3,Excellent,Pass,Normal,Regular Advising / Honors Track
STU-1849,Male,Artificial Intelligence,97.2,98,10,5.3,74,Improving,3.94,87,Excellent,Pass,Normal,Regular Advising / Honors Track
STU-1850,Female,Information Systems,96.9,98,9,3.2,59,Improving,4,84.9,Excellent,Pass,Normal,Regular Advising / Honors Track
STU-1851,Female,Software Engineering,96.1,98,9,2,45,Improving,4,84.3,Excellent,Pass,Normal,Regular Advising / Honors Track
STU-1852,Female,Computer Science,94.8,98,8,2,35,Improving,4,82.5,Excellent,Pass,Normal,Regular Advising / Honors Track
STU-1853,Male,Data Science,93.1,98,8,2,29,Improving,4,82.1,Excellent,Pass,Normal,Regular Advising / Honors Track
STU-1854,Male,Artificial Intelligence,91.2,98,7,2,27,Improving,4,80.1,Good,Pass,Normal,Regular Advising / Honors Track
STU-1855,Male,Information Systems,89,93,6,2,30,Improving,4,76.1,Good,Pass,Normal,Regular Advising / Honors Track
STU-1856,Female,Software Engineering,86.9,88,6,2.7,37,Improving,4,73.9,Good,Pass,Normal,Regular Advising / Honors Track
STU-1857,Female,Computer Science,84.8,84,6,4.5,47,Improving,4,72.5,Good,Pass,Normal,Regular Advising / Honors Track
STU-1858,Female,Data Science,82.9,81,6,6.5,60,Improving,3.92,71.2,Good,Pass,Normal,Regular Advising / Honors Track
STU-1859,Male,Artificial Intelligence,81.2,79,6,8.5,73,Improving,3.84,70.4,Good,Pass,Normal,Regular Advising / Honors Track
STU-1860,Male,Information Systems,79.9,80,6,10.4,86,Stable,3.78,70.9,Good,Pass,Normal,Regular Advising / Honors Track
STU-1861,Male,Software Engineering,78.9,82,7,12,98,Stable,3.74,73.4,Good,Pass,Normal,Regular Advising / Honors Track
STU-1862,Female,Computer Science,78.2,85,8,13.2,109,Stable,3.73,76.5,Good,Pass,Normal,Regular Advising / Honors Track
STU-1863,Female,Data Science,77.9,89,9,14,117,Stable,3.76,80,Good,Pass,Normal,Regular Advising / Honors Track
STU-1864,Female,Artificial Intelligence,77.9,93,9,14.3,122,Stable,3.8,81.9,Good,Pass,Normal,Regular Advising / Honors Track
STU-1865,Male,Information Systems,78.1,95,10,14.4,127,Stable,3.87,84.8,Excellent,Pass,Normal,Regular Advising / Honors Track
STU-1866,Male,Software Engineering,78.5,96,10,14.2,129,Stable,3.95,85.6,Excellent,Pass,Normal,Regular Advising / Honors Track
STU-1867,Male,Computer Science,78.9,96,10,13.9,132,Stable,4,85.8,Excellent,Pass,Normal,Regular Advising / Honors Track
STU-1868,Female,Data Science,79.3,94,10,13.7,134,Stable,4,85.1,Excellent,Pass,Normal,Regular Advising / Honors Track
STU-1869,Female,Artificial Intelligence,79.5,91,9,13.6,138,Stable,4,82.3,Excellent,Pass,Normal,Regular Advising / Honors Track
STU-1870,Female,Information Systems,79.4,87,9,13.8,142,Stable,4,80.7,Good,Pass,Normal,Regular Advising / Honors Track
STU-1871,Male,Software Engineering,79,83,8,14.3,149,Stable,4,77.6,Good,Pass,Normal,Regular Advising / Honors Track
STU-1872,Male,Computer Science,78.2,80,7,15.1,156,Stable,4,74.9,Good,Pass,Normal,Regular Advising / Honors Track
STU-1873,Male,Data Science,76.9,78,6,16.2,164,Stable,4,72.7,Good,Pass,Normal,Regular Advising / Honors Track
STU-1874,Female,Artificial Intelligence,75.1,78,6,17.4,172,Stable,4,72.7,Good,Pass,Normal,Regular Advising / Honors Track
STU-1875,Female,Information Systems,72.8,78,6,18.6,179,Stable,3.92,72.3,Good,Pass,Normal,Regular Advising / Honors Track
STU-1876,Female,Software Engineering,70,80,5,19.7,184,Stable,3.85,70.9,Good,Pass,Normal,Regular Advising / Honors Track
STU-1877,Male,Computer Science,66.8,81,5,20.4,186,Stable,3.79,70.6,Good,Pass,Normal,Regular Advising / Honors Track
STU-1878,Male,Data Science,63.3,83,6,20.7,183,Stable,3.75,72.2,Good,Pass,Normal,Regular Advising / Honors Track
STU-1879,Male,Artificial Intelligence,59.5,84,6,20.4,177,Declining,3.74,71.7,Good,Pass,At-Risk,Mandatory Attendance Counseling
STU-1880,Female,Information Systems,55.6,83,6,19.5,165,Declining,3.76,70.3,Good,Pass,At-Risk,Mandatory Attendance Counseling
STU-1881,Female,Software Engineering,51.7,81,6,18.1,150,Declining,3.81,68.5,Satisfactory,Pass,At-Risk,Mandatory Attendance Counseling
STU-1882,Non-Binary,Computer Science,47.9,78,6,16.1,132,Declining,3.88,66.2,Satisfactory,Pass,At-Risk,Mandatory Attendance Counseling
STU-1883,Male,Data Science,44.3,73,7,13.7,113,Declining,3.96,64.6,Satisfactory,Pass,At-Risk,Mandatory Attendance Counseling
STU-1884,Male,Artificial Intelligence,41.2,69,7,11.2,92,Declining,4,61.8,Satisfactory,Pass,At-Risk,Mandatory Attendance Counseling
STU-1885,Male,Information Systems,38.6,64,7,8.6,73,Declining,4,58.3,Satisfactory,Pass,At-Risk,Mandatory Attendance Counseling
STU-1886,Female,Software Engineering,36.5,60,7,6.2,57,Declining,4,55.5,Underperforming,Fail,At-Risk,Intensive Academic Recovery
STU-1887,Female,Computer Science,36,58,7,4.2,45,Declining,4,53.9,Underperforming,Fail,At-Risk,Intensive Academic Recovery
STU-1888,Non-Binary,Data Science,36,57,7,2.7,37,Declining,4,52.9,Underperforming,Fail,At-Risk,Intensive Academic Recovery
STU-1889,Male,Artificial Intelligence,36,58,7,2,34,Declining,4,53.1,Underperforming,Fail,At-Risk,Intensive Academic Recovery
STU-1890,Male,Information Systems,36,61,7,2,36,Declining,4,54.3,Underperforming,Fail,At-Risk,Intensive Academic Recovery
STU-1891,Female,Software Engineering,36.6,65,7,2,42,Declining,4,56,Underperforming,Fail,At-Risk,Intensive Academic Recovery
STU-1892,Female,Computer Science,38.6,69,7,2.7,52,Declining,3.93,57.9,Underperforming,Fail,At-Risk,Intensive Academic Recovery
STU-1893,Female,Data Science,41.1,73,7,3.9,63,Declining,3.85,60,Satisfactory,Pass,At-Risk,Mandatory Attendance Counseling
STU-1894,Male,Artificial Intelligence,43.9,77,7,5.3,75,Declining,3.79,62.3,Satisfactory,Pass,At-Risk,Mandatory Attendance Counseling
STU-1895,Male,Information Systems,47,79,6,6.7,86,Declining,3.76,62.5,Satisfactory,Pass,At-Risk,Mandatory Attendance Counseling
STU-1896,Male,Software Engineering,50.3,80,6,8,95,Declining,3.75,64,Satisfactory,Pass,At-Risk,Mandatory Attendance Counseling
STU-1897,Female,Computer Science,53.6,79,5,9.1,100,Declining,3.77,63.1,Satisfactory,Pass,At-Risk,Mandatory Attendance Counseling
STU-1898,Female,Data Science,56.7,78,5,9.9,102,Declining,3.82,63.9,Satisfactory,Pass,At-Risk,Mandatory Attendance Counseling
STU-1899,Female,Artificial Intelligence,59.7,76,5,10.4,102,Declining,3.89,64.2,Satisfactory,Pass,At-Risk,Mandatory Attendance Counseling
STU-1900,Male,Information Systems,62.3,74,5,10.5,98,Stable,3.97,64.4,Satisfactory,Pass,Normal,Academic Peer Mentoring
STU-1901,Male,Software Engineering,64.6,73,5,10.4,93,Stable,4,64.6,Satisfactory,Pass,Normal,Academic Peer Mentoring
STU-1902,Male,Computer Science,66.4,73,5,10.2,88,Stable,4,64.9,Satisfactory,Pass,Normal,Academic Peer Mentoring
STU-1903,Female,Data Science,67.8,74,6,10,84,Stable,4,67.1,Satisfactory,Pass,Normal,Academic Peer Mentoring
STU-1904,Female,Artificial Intelligence,68.8,77,6,10,82,Stable,4,68.5,Satisfactory,Pass,Normal,Academic Peer Mentoring
STU-1905,Female,Information Systems,69.4,80,7,10.2,84,Stable,4,71.5,Good,Pass,Normal,Regular Advising / Honors Track
STU-1906,Male,Software Engineering,69.7,84,8,10.8,90,Stable,4,74.9,Good,Pass,Normal,Regular Advising / Honors Track
STU-1907,Male,Computer Science,69.8,88,9,11.8,101,Stable,4,78.5,Good,Pass,Normal,Regular Advising / Honors Track
STU-1908,Male,Data Science,69.7,90,9,13.2,115,Stable,4,79.8,Good,Pass,Normal,Regular Advising / Honors Track
STU-1909,Female,Artificial Intelligence,69.5,91,10,14.9,133,Stable,3.93,82,Excellent,Pass,Normal,Regular Advising / Honors Track
STU-1910,Female,Information Systems,69.5,91,10,16.7,153,Stable,3.86,82.2,Excellent,Pass,Normal,Regular Advising / Honors Track
STU-1911,Female,Software Engineering,69.5,89,10,18.5,173,Stable,3.8,81.7,Good,Pass,Normal,Regular Advising / Honors Track
STU-1912,Male,Computer Science,69.8,86,9,20.2,190,Stable,3.76,79.4,Good,Pass,Normal,Regular Advising / Honors Track
STU-1913,Male,Data Science,70.5,83,8,21.5,205,Stable,3.75,77.1,Good,Pass,Normal,Regular Advising / Honors Track
STU-1914,Male,Artificial Intelligence,71.5,80,8,22.3,214,Stable,3.78,76.6,Good,Pass,Normal,Regular Advising / Honors Track
STU-1915,Female,Information Systems,72.9,77,7,22.6,217,Stable,3.82,74.4,Good,Pass,Normal,Regular Advising / Honors Track
STU-1916,Female,Software Engineering,74.7,77,6,22.1,213,Stable,3.89,73.3,Good,Pass,Normal,Regular Advising / Honors Track
STU-1917,Female,Computer Science,76.9,78,6,21,203,Stable,3.97,74.2,Good,Pass,Normal,Regular Advising / Honors Track
STU-1918,Male,Data Science,79.4,80,6,19.4,186,Stable,4,75.1,Good,Pass,Normal,Regular Advising / Honors Track
STU-1919,Male,Artificial Intelligence,82.2,85,6,17.2,165,Improving,4,76.9,Good,Pass,Normal,Regular Advising / Honors Track
STU-1920,Male,Information Systems,85.2,90,6,14.8,141,Improving,4,78.6,Good,Pass,Normal,Regular Advising / Honors Track
STU-1921,Female,Software Engineering,88.2,96,7,12.4,116,Improving,4,82.4,Excellent,Pass,Normal,Regular Advising / Honors Track
STU-1922,Female,Computer Science,91.1,98,7,10,92,Improving,4,82.9,Excellent,Pass,Normal,Regular Advising / Honors Track
STU-1923,Female,Data Science,93.9,98,8,7.9,71,Improving,4,84.3,Excellent,Pass,Normal,Regular Advising / Honors Track
STU-1924,Male,Artificial Intelligence,96.4,98,8,6.2,54,Improving,4,84.3,Excellent,Pass,Normal,Regular Advising / Honors Track
STU-1925,Male,Information Systems,98.4,98,9,5,42,Improving,4,85.8,Excellent,Pass,Normal,Regular Advising / Honors Track
STU-1926,Male,Software Engineering,99,98,9,4.4,36,Improving,3.93,85.4,Excellent,Pass,Normal,Regular Advising / Honors Track
STU-1927,Female,Computer Science,99,98,9,4.3,35,Improving,3.86,85,Excellent,Pass,Normal,Regular Advising / Honors Track
STU-1928,Female,Data Science,99,98,9,4.6,40,Improving,3.8,84.8,Excellent,Pass,Normal,Regular Advising / Honors Track
STU-1929,Female,Artificial Intelligence,99,93,10,5.2,48,Improving,3.76,84.4,Excellent,Pass,Normal,Regular Advising / Honors Track
STU-1930,Male,Information Systems,99,90,9,6,58,Improving,3.76,81.9,Good,Pass,Normal,Regular Advising / Honors Track
STU-1931,Male,Software Engineering,97.4,87,9,6.8,69,Improving,3.78,80.7,Good,Pass,Normal,Regular Advising / Honors Track
STU-1932,Male,Computer Science,94.9,86,9,7.5,79,Improving,3.83,80.3,Good,Pass,Normal,Regular Advising / Honors Track
STU-1933,Female,Data Science,91.8,87,9,7.9,87,Improving,3.9,80.6,Good,Pass,Normal,Regular Advising / Honors Track
STU-1934,Female,Artificial Intelligence,88.3,88,9,8.1,93,Improving,3.98,80.8,Good,Pass,Normal,Regular Advising / Honors Track
STU-1935,Non-Binary,Information Systems,84.4,90,9,8,95,Improving,4,80.9,Good,Pass,Normal,Regular Advising / Honors Track
STU-1936,Male,Software Engineering,80.4,93,9,7.6,94,Improving,4,81.1,Good,Pass,Normal,Regular Advising / Honors Track
STU-1937,Male,Computer Science,76.3,94,8,7.1,90,Stable,4,78.9,Good,Pass,Normal,Regular Advising / Honors Track
STU-1938,Female,Data Science,72.3,94,8,6.6,85,Stable,4,78,Good,Pass,Normal,Regular Advising / Honors Track
STU-1939,Female,Artificial Intelligence,68.4,93,7,6.2,80,Stable,4,75.1,Good,Pass,Normal,Regular Advising / Honors Track
STU-1940,Female,Information Systems,64.9,89,7,6,76,Stable,4,72.7,Good,Pass,Normal,Regular Advising / Honors Track
STU-1941,Non-Binary,Software Engineering,61.8,85,6,6.3,74,Stable,4,69,Satisfactory,Pass,Normal,Academic Peer Mentoring
STU-1942,Male,Computer Science,59.1,79,5,7,75,Declining,4,64.7,Satisfactory,Pass,At-Risk,Mandatory Attendance Counseling
STU-1943,Male,Data Science,56.9,74,5,8.2,81,Declining,3.94,62.3,Satisfactory,Pass,At-Risk,Mandatory Attendance Counseling
STU-1944,Female,Artificial Intelligence,55.3,69,4,9.9,90,Declining,3.86,58.6,Satisfactory,Pass,At-Risk,Mandatory Attendance Counseling
STU-1945,Female,Information Systems,54.2,66,4,11.9,103,Declining,3.8,57.6,Underperforming,Fail,At-Risk,Intensive Academic Recovery
STU-1946,Female,Software Engineering,53.6,64,5,14.2,119,Declining,3.77,58.9,Satisfactory,Pass,At-Risk,Mandatory Attendance Counseling
STU-1947,Male,Computer Science,53.4,65,5,16.5,136,Declining,3.76,60,Satisfactory,Pass,At-Risk,Mandatory Attendance Counseling
STU-1948,Male,Data Science,53.6,67,6,18.7,153,Declining,3.78,63.3,Satisfactory,Pass,At-Risk,Mandatory Attendance Counseling
STU-1949,Male,Artificial Intelligence,54,71,7,20.6,170,Declining,3.83,67.5,Satisfactory,Pass,At-Risk,Mandatory Attendance Counseling
STU-1950,Female,Information Systems,54.6,75,8,22,183,Declining,3.9,71.7,Good,Pass,At-Risk,Mandatory Attendance Counseling
STU-1951,Female,Software Engineering,55.1,80,8,22.8,193,Declining,3.98,74.5,Good,Pass,At-Risk,Mandatory Attendance Counseling
STU-1952,Female,Computer Science,55.7,83,9,22.9,198,Declining,4,77.6,Good,Pass,At-Risk,Mandatory Attendance Counseling
STU-1953,Male,Data Science,56,86,9,22.4,198,Declining,4,78.6,Good,Pass,At-Risk,Mandatory Attendance Counseling
STU-1954,Male,Artificial Intelligence,56.2,86,9,21.2,193,Declining,4,78.3,Good,Pass,At-Risk,Mandatory Attendance Counseling
STU-1955,Male,Information Systems,56,84,9,19.6,184,Declining,4,76.9,Good,Pass,At-Risk,Mandatory Attendance Counseling
STU-1956,Female,Software Engineering,55.5,81,8,17.6,172,Declining,4,73.3,Good,Pass,At-Risk,Mandatory Attendance Counseling
STU-1957,Female,Computer Science,54.6,77,8,15.5,157,Declining,4,70.7,Good,Pass,At-Risk,Mandatory Attendance Counseling
STU-1958,Female,Data Science,53.5,72,7,13.4,142,Declining,4,66.2,Satisfactory,Pass,At-Risk,Mandatory Attendance Counseling
STU-1959,Male,Artificial Intelligence,52,67,6,11.6,127,Declining,4,61.7,Satisfactory,Pass,At-Risk,Mandatory Attendance Counseling
STU-1960,Male,Information Systems,50.3,64,5,10,113,Declining,3.94,57.6,Underperforming,Fail,At-Risk,Intensive Academic Recovery
STU-1961,Male,Software Engineering,48.5,62,4,8.9,102,Declining,3.86,54.1,Underperforming,Fail,At-Risk,Intensive Academic Recovery
STU-1962,Female,Computer Science,46.6,62,4,8.2,93,Declining,3.81,53.2,Underperforming,Fail,At-Risk,Intensive Academic Recovery
STU-1963,Female,Data Science,44.8,64,4,8,86,Declining,3.77,53.4,Underperforming,Fail,At-Risk,Intensive Academic Recovery
STU-1964,Female,Artificial Intelligence,43.2,66,4,8,82,Declining,3.76,53.8,Underperforming,Fail,At-Risk,Intensive Academic Recovery
STU-1965,Male,Information Systems,41.9,70,4,8.3,80,Declining,3.79,55.4,Underperforming,Fail,At-Risk,Intensive Academic Recovery
STU-1966,Male,Software Engineering,41.1,73,5,8.6,78,Declining,3.84,58.4,Satisfactory,Pass,At-Risk,Mandatory Attendance Counseling
STU-1967,Male,Computer Science,40.7,75,5,8.9,77,Declining,3.91,59.6,Satisfactory,Pass,At-Risk,Mandatory Attendance Counseling
STU-1968,Female,Data Science,40.9,77,6,9,75,Declining,3.99,62.5,Satisfactory,Pass,At-Risk,Mandatory Attendance Counseling
STU-1969,Female,Artificial Intelligence,41.7,77,6,8.8,72,Declining,4,62.6,Satisfactory,Pass,At-Risk,Mandatory Attendance Counseling
STU-1970,Female,Information Systems,43.2,76,7,8.3,68,Declining,4,63.9,Satisfactory,Pass,At-Risk,Mandatory Attendance Counseling
STU-1971,Male,Software Engineering,45.3,74,7,7.5,63,Declining,4,63.3,Satisfactory,Pass,At-Risk,Mandatory Attendance Counseling
STU-1972,Male,Computer Science,48.1,72,7,6.5,57,Declining,4,62.7,Satisfactory,Pass,At-Risk,Mandatory Attendance Counseling
STU-1973,Male,Data Science,51.4,70,8,5.3,51,Declining,4,63.7,Satisfactory,Pass,At-Risk,Mandatory Attendance Counseling
STU-1974,Female,Artificial Intelligence,55.1,69,8,4.3,46,Declining,4,63.7,Satisfactory,Pass,At-Risk,Mandatory Attendance Counseling
STU-1975,Female,Information Systems,59.2,69,8,3.4,44,Declining,4,64.2,Satisfactory,Pass,At-Risk,Mandatory Attendance Counseling
STU-1976,Female,Software Engineering,63.6,71,8,2.8,44,Stable,4,65.7,Satisfactory,Pass,Normal,Academic Peer Mentoring
STU-1977,Male,Computer Science,68,75,8,2.8,48,Stable,3.94,67.9,Satisfactory,Pass,Normal,Academic Peer Mentoring
STU-1978,Male,Data Science,72.4,80,8,3.3,55,Stable,3.87,70.6,Good,Pass,Normal,Regular Advising / Honors Track
STU-1979,Male,Artificial Intelligence,76.7,85,8,4.4,67,Stable,3.81,73.5,Good,Pass,Normal,Regular Advising / Honors Track
STU-1980,Female,Information Systems,80.6,91,8,6.1,82,Improving,3.77,77.1,Good,Pass,Normal,Regular Advising / Honors Track
STU-1981,Female,Software Engineering,84.1,96,8,8.2,99,Improving,3.77,80.5,Good,Pass,Normal,Regular Advising / Honors Track
STU-1982,Non-Binary,Computer Science,87.1,98,8,10.6,117,Improving,3.79,82.8,Excellent,Pass,Normal,Regular Advising / Honors Track
STU-1983,Male,Data Science,89.6,98,8,13.2,136,Improving,3.84,84.5,Excellent,Pass,Normal,Regular Advising / Honors Track
STU-1984,Male,Artificial Intelligence,91.4,98,7,15.7,153,Improving,3.91,84.5,Excellent,Pass,Normal,Regular Advising / Honors Track
STU-1985,Male,Information Systems,92.6,98,7,17.9,167,Improving,3.99,85.9,Excellent,Pass,Normal,Regular Advising / Honors Track
STU-1986,Female,Software Engineering,93.1,97,7,19.8,177,Improving,4,86.4,Excellent,Pass,Normal,Regular Advising / Honors Track
STU-1987,Female,Computer Science,93.1,93,7,21.1,183,Improving,4,85.2,Excellent,Pass,Normal,Regular Advising / Honors Track
STU-1988,Non-Binary,Data Science,92.6,90,6,21.7,185,Improving,4,82.5,Excellent,Pass,Normal,Regular Advising / Honors Track
STU-1989,Male,Artificial Intelligence,91.7,88,7,21.7,181,Improving,4,83.1,Excellent,Pass,Normal,Regular Advising / Honors Track
STU-1990,Male,Information Systems,90.4,86,7,21.2,175,Improving,4,81.9,Good,Pass,Normal,Regular Advising / Honors Track
STU-1991,Female,Software Engineering,88.9,86,7,20.1,165,Improving,4,81.2,Good,Pass,Normal,Regular Advising / Honors Track
STU-1992,Female,Computer Science,87.4,87,8,18.8,154,Improving,4,82.5,Excellent,Pass,Normal,Regular Advising / Honors Track
STU-1993,Female,Data Science,85.8,89,9,17.2,143,Improving,4,84,Excellent,Pass,Normal,Regular Advising / Honors Track
STU-1994,Male,Artificial Intelligence,84.4,92,9,15.7,134,Improving,3.94,84.1,Excellent,Pass,Normal,Regular Advising / Honors Track
STU-1995,Male,Information Systems,83.2,94,10,14.3,126,Improving,3.87,85.4,Excellent,Pass,Normal,Regular Advising / Honors Track
STU-1996,Male,Software Engineering,82.2,96,10,13.2,121,Improving,3.81,85.3,Excellent,Pass,Normal,Regular Advising / Honors Track
STU-1997,Female,Computer Science,81.6,97,10,12.4,120,Improving,3.77,85.1,Excellent,Pass,Normal,Regular Advising / Honors Track
STU-1998,Female,Data Science,81.2,96,10,12,121,Improving,3.77,84.4,Excellent,Pass,Normal,Regular Advising / Honors Track
STU-1999,Female,Artificial Intelligence,81.3,94,10,11.9,124,Improving,3.79,83.7,Excellent,Pass,Normal,Regular Advising / Honors Track
STU-2000,Male,Information Systems,81.6,92,9,12,128,Improving,3.85,81.7,Good,Pass,Normal,Regular Advising / Honors Track